,1600000_slippage,200000_slippage,400000_slippage,800000_slippage,amount,dai_to_usdc,date,liquidity_curve_susd,liquidity_curvefi,liquidity_oasis,liquidity_uniswap_v2,liquidity_zero_x,price,time
0,0.0015633982392455614,0,0.0002785696070304322,0.0007668893488965711,200000,1,2020-08-04,53,45,0.0,,2.0,1.0145718752613782,00:08:13.842727
1,0.0012848286322151292,0,0.0,0.0004883197418661389,400000,1,2020-08-04,53,46,0.0,,1.0,1.0142933056543477,00:08:13.842727
2,0.0007965088903489903,0,0.0,0.0,800000,1,2020-08-04,48,41,7.0,,4.0,1.0138049859124816,00:08:13.842727
3,0.0,0,0.0,0.0,1600000,1,2020-08-04,48,43,6.0,,3.0,1.0130084770221326,00:08:13.842727
4,0.001972992815069574,0,0.0002680766468521334,0.0008287774160363748,200000,0,2020-08-04,55,45,0.0,,0.0,0.9843840212879512,00:08:18.986078
5,0.0017049161682174407,0,0.0,0.0005607007691842414,400000,0,2020-08-04,55,45,0.0,,0.0,0.9841159446410991,00:08:18.986078
6,0.0011442153990331994,0,0.0,0.0,800000,0,2020-08-04,55,45,0.0,,0.0,0.9835552438719148,00:08:18.986078
7,0.0,0,0.0,0.0,1600000,0,2020-08-04,53,42,4.0,,1.0,0.9824110284728816,00:08:18.986078
8,0.001555711357728251,0,0.00030320760435276206,0.0007654050571848092,200000,1,2020-08-04,30,68,0.0,,2.0,1.0143361219866143,00:38:23.678386
9,0.001252503753375489,0,0.0,0.00046219745283204716,400000,1,2020-08-04,41,57,0.0,,2.0,1.0140329143822615,00:38:23.678386
10,0.0007903063005434419,0,0.0,0.0,800000,1,2020-08-04,41,46,8.0,,5.0,1.0135707169294295,00:38:23.678386
11,0.0,0,0.0,0.0,1600000,1,2020-08-04,46,45,6.0,,3.0,1.012780410628886,00:38:23.678386
12,0.001978321551951212,0,0.00028961019837869806,0.0008479456567348498,200000,0,2020-08-04,79,21,0.0,,0.0,0.9847514325118548,00:38:27.861513
13,0.001688711353572514,0,0.0,0.0005583354583561517,400000,0,2020-08-04,67,33,0.0,,0.0,0.9844618223134761,00:38:27.861513
14,0.0011303758952163623,0,0.0,0.0,800000,0,2020-08-04,61,39,0.0,,0.0,0.98390348685512,00:38:27.861513
15,0.0,0,0.0,0.0,1600000,0,2020-08-04,56,39,4.0,,1.0,0.9827731109599036,00:38:27.861513
16,0.0016111855119664842,0,0.00032841098475144825,0.0008067644322362622,200000,1,2020-08-04,22,76,0.0,,2.0,1.014360310925384,01:08:31.759570
17,0.001282774527215036,0,0.0,0.0004783534474848139,400000,1,2020-08-04,38,61,0.0,,1.0,1.0140318999406326,01:08:31.759570
18,0.000804421079730222,0,0.0,0.0,800000,1,2020-08-04,41,48,8.0,,3.0,1.0135535464931478,01:08:31.759570
19,0.0,0,0.0,0.0,1600000,1,2020-08-04,45,46,6.0,,3.0,1.0127491254134176,01:08:31.759570
20,0.002050408683126115,0,0.000316231465584238,0.0009029688304043049,200000,0,2020-08-04,87,13,0.0,,,0.9848160173433371,01:08:36.660502
21,0.0017341772175418768,0,0.0,0.0005867373648200669,400000,0,2020-08-04,68,32,0.0,,,0.9844997858777529,01:08:36.660502
22,0.00114743985272181,0,0.0,0.0,800000,0,2020-08-04,63,37,0.0,,,0.9839130485129328,01:08:36.660502
23,0.0,0,0.0,0.0,1600000,0,2020-08-04,58,38,4.0,,,0.982765608660211,01:08:36.660502
24,0.0015930304091709147,0,0.0003074102888289687,0.0007855672340089104,200000,1,2020-08-04,24,74,0.0,,2.0,1.0143511688389824,01:38:40.895953
25,0.001285620120341946,0,0.0,0.00047815694517994167,400000,1,2020-08-04,39,60,0.0,,1.0,1.0140437585501534,01:38:40.895953
26,0.0008074631751620043,0,0.0,0.0,800000,1,2020-08-04,42,49,8.0,,1.0,1.0135656016049734,01:38:40.895953
27,0.0,0,0.0,0.0,1600000,1,2020-08-04,45,46,6.0,,3.0,1.0127581384298114,01:38:40.895953
28,0.0020291578068347693,0,0.0003095789044313957,0.0008820554066634179,200000,0,2020-08-04,86,14,0.0,,0.0,0.9847694873100817,01:38:46.196112
29,0.0017195789024033736,0,0.0,0.0005724765022320222,400000,0,2020-08-04,71,29,0.0,,0.0,0.9844599084056503,01:38:46.196112
30,0.0011471024001713515,0,0.0,0.0,800000,0,2020-08-04,64,36,0.0,,0.0,0.9838874319034183,01:38:46.196112
31,0.0,0,0.0,0.0,1600000,0,2020-08-04,57,38,4.0,,1.0,0.982740329503247,01:38:46.196112
32,0.0015187365347155701,0,0.0002588635513980364,0.0007125326895758288,200000,1,2020-08-04,51,47,0.0,,2.0,1.0142069712679243,02:08:50.370071
33,0.0012598729833175337,0,0.0,0.0004536691381777924,400000,1,2020-08-04,53,46,0.0,,1.0,1.0139481077165262,02:08:50.370071
34,0.0008062038451397413,0,0.0,0.0,800000,1,2020-08-04,49,42,8.0,,1.0,1.0134944385783484,02:08:50.370071
35,0.0,0,0.0,0.0,1600000,1,2020-08-04,50,43,6.0,,1.0,1.0126882347332087,02:08:50.370071
36,0.001897274669868998,0,0.00026117328811592344,0.0008039385047378111,200000,0,2020-08-04,58,42,0.0,,0.0,0.9847279037861995,02:08:56.409195
37,0.0016361013817530745,0,0.0,0.0005427652166218877,400000,0,2020-08-04,57,43,0.0,,0.0,0.9844667304980835,02:08:56.409195
38,0.0010933361651311868,0,0.0,0.0,800000,0,2020-08-04,56,43,0.0,,1.0,0.9839239652814616,02:08:56.409195
39,0.0,0,0.0,0.0,1600000,0,2020-08-04,53,41,4.0,,2.0,0.9828306291163305,02:08:56.409195
40,0.0014986955525411183,0,0.00029390355828895487,0.0007156348265013879,200000,1,2020-08-04,86,12,0.0,,2.0,1.0137003891101637,02:39:00.750078
41,0.0012047919942521634,0,0.0,0.000421731268212433,400000,1,2020-08-04,62,22,15.0,,1.0,1.0134064855518747,02:39:00.750078
42,0.0007830607260397304,0,0.0,0.0,800000,1,2020-08-04,57,34,8.0,,1.0,1.0129847542836623,02:39:00.750078
43,0.0,0,0.0,0.0,1600000,1,2020-08-04,53,38,7.0,,2.0,1.0122016935576226,02:39:00.750078
44,0.0019396276806594726,0,0.00029905596765877895,0.0008406187364349282,200000,0,2020-08-04,22,78,0.0,,0.0,0.9854651909150344,02:39:05.546836
45,0.0016405717130006936,0,0.0,0.0005415627687761493,400000,0,2020-08-04,39,61,0.0,,0.0,0.9851661349473756,02:39:05.546836
46,0.0010990089442245443,0,0.0,0.0,800000,0,2020-08-04,47,53,0.0,,0.0,0.9846245721785994,02:39:05.546836
47,0.0,0,0.0,0.0,1600000,0,2020-08-04,49,46,4.0,,1.0,0.9835255632343749,02:39:05.546836
48,0.0015366259284577133,0,0.00031522363234581796,0.0007451843512096268,200000,1,2020-08-04,91,7,0.0,,2.0,1.0137712732655615,03:09:11.155134
49,0.0012214022961118953,0,0.0,0.0004299607188638088,400000,1,2020-08-04,67,21,11.0,,1.0,1.0134560496332157,03:09:11.155134
50,0.0007914415772480865,0,0.0,0.0,800000,1,2020-08-04,59,32,8.0,,1.0,1.0130260889143519,03:09:11.155134
51,0.0,0,0.0,0.0,1600000,1,2020-08-04,53,38,7.0,,2.0,1.0122346473371038,03:09:11.155134
52,0.0019718862076387733,0,0.00031562427366127466,0.0008670403570151253,200000,0,2020-08-04,17,83,0.0,,0.0,0.9854558836162624,03:09:17.909004
53,0.0016562619339774987,0,0.0,0.0005514160833538506,400000,0,2020-08-04,36,64,0.0,,0.0,0.9851402593426011,03:09:17.909004
54,0.001104845850623648,0,0.0,0.0,800000,0,2020-08-04,46,54,0.0,,0.0,0.9845888432592472,03:09:17.909004
55,0.0,0,0.0,0.0,1600000,0,2020-08-04,48,47,4.0,,1.0,0.9834839974086236,03:09:17.909004
56,0.0014303274205660355,0,0.00022661783919919465,0.0006529600264701951,200000,1,2020-08-04,77,8,13.0,,2.0,1.0133029114299958,03:39:21.630452
57,0.0012037095813668408,0,0.0,0.0004263421872710005,400000,1,2020-08-04,60,23,16.0,,1.0,1.0130762935907967,03:39:21.630452
58,0.0007773673940958403,0,0.0,0.0,800000,1,2020-08-04,54,33,12.0,,1.0,1.0126499514035256,03:39:21.630452
59,0.0,0,0.0,0.0,1600000,1,2020-08-04,52,39,7.0,,2.0,1.0118725840094298,03:39:21.630452
60,0.0018759015704210569,0,0.00028295585831572545,0.0008027321612453786,200000,0,2020-08-04,23,77,0.0,,0.0,0.9858499528159695,03:39:26.068574
61,0.0015929457121053314,0,0.0,0.0005197763029296532,400000,0,2020-08-04,39,61,0.0,,0.0,0.9855669969576538,03:39:26.068574
62,0.0010731694091756783,0,0.0,0.0,800000,0,2020-08-04,47,53,0.0,,0.0,0.9850472206547242,03:39:26.068574
63,0.0,0,0.0,0.0,1600000,0,2020-08-04,49,46,3.0,,2.0,0.9839740512455485,03:39:26.068574
64,0.0014187727781245218,0,0.000237971319975383,0.0006415029693460639,200000,1,2020-08-04,64,34,0.0,,2.0,1.0135500508708417,04:09:31.136739
65,0.0011808014581491388,0,0.0,0.00040353164937068087,400000,1,2020-08-04,51,32,16.0,,1.0,1.0133120795508663,04:09:31.136739
66,0.000777269808778458,0,0.0,0.0,800000,1,2020-08-04,51,39,9.0,,1.0,1.0129085479014956,04:09:31.136739
67,0.0,0,0.0,0.0,1600000,1,2020-08-04,50,42,7.0,,1.0,1.0121312780927172,04:09:31.136739
68,0.0018712860449818791,0,0.0002520098641469737,0.0007688186804281072,200000,0,2020-08-04,43,57,0.0,,,0.9854308645075303,04:09:35.944119
69,0.0016192761808349054,0,0.0,0.0005168088162811335,400000,0,2020-08-04,49,51,0.0,,,0.9851788546433833,04:09:35.944119
70,0.001102467364553772,0,0.0,0.0,800000,0,2020-08-04,52,48,0.0,,,0.9846620458271022,04:09:35.944119
71,0.0,0,0.0,0.0,1600000,0,2020-08-04,52,44,4.0,,,0.9835595784625484,04:09:35.944119
72,0.0015363202303682044,0,0.0003152241781694265,0.0007456229154962912,200000,1,2020-08-04,90,8,0.0,,2.0,1.0137959516743904,04:39:40.836430
73,0.001221096052198778,0,0.0,0.00043039873732686473,400000,1,2020-08-04,68,24,7.0,,1.0,1.013480727496221,04:39:40.836430
74,0.0007906973148719132,0,0.0,0.0,800000,1,2020-08-04,58,33,8.0,,1.0,1.0130503287588941,04:39:40.836430
75,0.0,0,0.0,0.0,1600000,1,2020-08-04,54,39,6.0,,1.0,1.0122596314440222,04:39:40.836430
76,0.0019533701494953704,0,0.0003153264608586337,0.000866587244862993,200000,0,2020-08-04,17,83,0.0,,0.0,0.9854170519356847,04:39:45.712059
77,0.0016380436886367367,0,0.0,0.0005512607840043593,400000,0,2020-08-04,36,64,0.0,,0.0,0.9851017254748261,04:39:45.712059
78,0.0010867829046323774,0,0.0,0.0,800000,0,2020-08-04,45,54,0.0,,1.0,0.9845504646908217,04:39:45.712059
79,0.0,0,0.0,0.0,1600000,0,2020-08-04,48,46,4.0,,2.0,0.9834636817861894,04:39:45.712059
80,0.0016202196300552085,0,0.0003483325920003999,0.0008157484592961062,200000,1,2020-08-04,98,0,0.0,,2.0,1.013748718243166,05:09:50.760267
81,0.0012718870380548086,0,0.0,0.0004674158672957063,400000,1,2020-08-04,71,14,14.0,,1.0,1.0134003856511655,05:09:50.760267
82,0.0008044711707591023,0,0.0,0.0,800000,1,2020-08-04,60,28,11.0,,1.0,1.0129329697838698,05:09:50.760267
83,0.0,0,0.0,0.0,1600000,1,2020-08-04,55,38,6.0,,1.0,1.0121284986131107,05:09:50.760267
84,0.0020657084494185574,0,0.0003658841471142482,0.000937799885347923,200000,0,2020-08-04,4,96,0.0,,,0.985694314192122,05:09:55.650864
85,0.0016998243023043091,0,0.0,0.0005719157382336748,400000,0,2020-08-04,29,71,0.0,,,0.9853284300450077,05:09:55.650864
86,0.0011279085640706343,0,0.0,0.0,800000,0,2020-08-04,42,58,0.0,,,0.984756514306774,05:09:55.650864
87,0.0,0,0.0,0.0,1600000,0,2020-08-04,47,49,4.0,,,0.9836286057427034,05:09:55.650864
88,0.0016244762274311153,0,0.00028408595879048093,0.0007851725636478513,200000,1,2020-08-04,35,64,0.0,,1.0,1.0145147755064878,05:40:01.533326
89,0.0013403902686406344,0,0.0,0.0005010866048573703,400000,1,2020-08-04,44,55,0.0,,1.0,1.0142306895476974,05:40:01.533326
90,0.000839303663783264,0,0.0,0.0,800000,1,2020-08-04,45,47,7.0,,1.0,1.01372960294284,05:40:01.533326
91,0.0,0,0.0,0.0,1600000,1,2020-08-04,48,46,6.0,,0.0,1.0128902992790567,05:40:01.533326
92,0.0020236522120679057,0,0.0002943858801451871,0.0008657588877719613,200000,0,2020-08-04,74,24,0.0,2.0,,0.9845123588756391,05:40:06.172415
93,0.0017292663319227186,0,0.0,0.0005713730076267742,400000,0,2020-08-04,65,34,0.0,1.0,,0.984217972995494,05:40:06.172415
94,0.0011578933242959444,0,0.0,0.0,800000,0,2020-08-04,60,39,0.0,1.0,,0.9836465999878672,05:40:06.172415
95,0.0,0,0.0,0.0,1600000,0,2020-08-04,56,39,4.0,1.0,,0.9824887066635712,05:40:06.172415
96,0.0014734968281158167,0,0.00027778516389243,0.0006941935591990855,200000,1,2020-08-04,78,6,14.0,,2.0,1.0137448736172625,06:10:10.738579
97,0.0011957116642233867,0,0.0,0.0004164083953066555,400000,1,2020-08-04,63,24,12.0,,1.0,1.01346708845337,06:10:10.738579
98,0.0007793032689167312,0,0.0,0.0,800000,1,2020-08-04,55,33,11.0,,1.0,1.0130506800580634,06:10:10.738579
99,0.0,0,0.0,0.0,1600000,1,2020-08-04,51,38,8.0,,3.0,1.0122713767891467,06:10:10.738579
100,0.001967801476517428,0,0.00030007008014298897,0.0008456295298677752,200000,0,2020-08-04,22,78,0.0,,,0.985428148490023,06:10:14.041700
101,0.001667731396374439,0,0.0,0.0005455594497247862,400000,0,2020-08-04,38,62,0.0,,,0.98512807840988,06:10:14.041700
102,0.0011221719466496527,0,0.0,0.0,800000,0,2020-08-04,47,53,0.0,,,0.9845825189601553,06:10:14.041700
103,0.0,0,0.0,0.0,1600000,0,2020-08-04,49,47,4.0,,,0.9834603470135056,06:10:14.041700
104,0.0013540633613149389,0,0.00019859425049117974,0.0006000063536888423,200000,1,2020-08-04,40,30,28.0,,2.0,1.0132322653427832,06:40:17.978985
105,0.0011554691108237591,0,0.0,0.0004014121031976625,400000,1,2020-08-04,43,34,22.0,,1.0,1.013033671092292,06:40:17.978985
106,0.0007540570076260966,0,0.0,0.0,800000,1,2020-08-04,44,38,15.0,,3.0,1.0126322589890944,06:40:17.978985
107,0.0,0,0.0,0.0,1600000,1,2020-08-04,47,42,8.0,,3.0,1.0118782019814683,06:40:17.978985
108,0.0018136442939770125,0,0.00023743972351308873,0.0007326837492604987,200000,0,2020-08-04,52,48,0.0,,,0.9858280550495733,06:40:22.410975
109,0.0015762045704639238,0,0.0,0.00049524402574741,400000,0,2020-08-04,53,47,0.0,,,0.9855906153260602,06:40:22.410975
110,0.0010809605447165138,0,0.0,0.0,800000,0,2020-08-04,54,46,0.0,,,0.9850953713003128,06:40:22.410975
111,0.0,0,0.0,0.0,1600000,0,2020-08-04,54,44,2.0,,,0.9840144107555963,06:40:22.410975
112,0.001362701698309543,0,0.00019696598752760863,0.0006040525153103715,200000,1,2020-08-04,39,30,29.0,,2.0,1.0132277519350732,07:10:27.296708
113,0.0011657357107819344,0,0.0,0.0004070865277827629,400000,1,2020-08-04,42,34,22.0,,2.0,1.0130307859475456,07:10:27.296708
114,0.0007586491829991715,0,0.0,0.0,800000,1,2020-08-04,45,39,15.0,,1.0,1.0126236994197628,07:10:27.296708
115,0.0,0,0.0,0.0,1600000,1,2020-08-04,47,42,8.0,,3.0,1.0118650502367637,07:10:27.296708
116,0.0018125341092090075,0,0.0002371553572959595,0.0007320479228694055,200000,0,2020-08-04,53,47,0.0,,,0.985833939812355,07:10:32.558412
117,0.001575378751913048,0,0.0,0.000494892565573446,400000,0,2020-08-04,54,46,0.0,,,0.985596784455059,07:10:32.558412
118,0.001080486186339602,0,0.0,0.0,800000,0,2020-08-04,54,46,0.0,,,0.9851018918894856,07:10:32.558412
119,0.0,0,0.0,0.0,1600000,0,2020-08-04,54,44,2.0,,,0.984021405703146,07:10:32.558412
120,0.0013598859602663715,0,0.00020337284226545904,0.000598960755778144,200000,1,2020-08-04,54,29,15.0,,2.0,1.0132939489242223,07:40:38.189575
121,0.0011565131180009125,0,0.0,0.00039558791351268496,400000,1,2020-08-04,46,31,22.0,,1.0,1.0130905760819569,07:40:38.189575
122,0.0007609252044882275,0,0.0,0.0,800000,1,2020-08-04,45,35,15.0,,5.0,1.0126949881684442,07:40:38.189575
123,0.0,0,0.0,0.0,1600000,1,2020-08-04,48,42,8.0,,2.0,1.011934062963956,07:40:38.189575
124,0.0018290506685928465,0,0.00024249012987387353,0.0007429512599479438,200000,0,2020-08-04,45,55,0.0,,,0.9857638383167658,07:40:41.756809
125,0.001586560538718973,0,0.0,0.0005004611300740702,400000,0,2020-08-04,50,50,0.0,,,0.985521348186892,07:40:41.756809
126,0.0010860994086449027,0,0.0,0.0,800000,0,2020-08-04,53,47,0.0,,,0.9850208870568179,07:40:41.756809
127,0.0,0,0.0,0.0,1600000,0,2020-08-04,52,44,4.0,,,0.983934787648173,07:40:41.756809
128,0.001524236218706454,0,0.00027891209597297184,0.0007321044174419811,200000,1,2020-08-04,62,0,33.0,,5.0,1.0132973175810072,08:10:46.354342
129,0.0012453241227334821,0,0.0,0.00045319232146900923,400000,1,2020-08-04,62,10,22.0,,6.0,1.0130184054850342,08:10:46.354342
130,0.0007921318012644729,0,0.0,0.0,800000,1,2020-08-04,55,25,15.0,,5.0,1.0125652131635652,08:10:46.354342
131,0.0,0,0.0,0.0,1600000,1,2020-08-04,53,36,8.0,,3.0,1.0117730813623007,08:10:46.354342
132,0.0019630581795346824,0,0.00033769821971996183,0.0008758988399013568,200000,0,2020-08-04,6,94,,,,0.9862419370887453,08:10:51.149277
133,0.0016253599598147206,0,0.0,0.0005382006201813949,400000,0,2020-08-04,30,70,,,,0.9859042388690253,08:10:51.149277
134,0.0010871593396333257,0,0.0,0.0,800000,0,2020-08-04,42,58,,,,0.985366038248844,08:10:51.149277
135,0.0,0,0.0,0.0,1600000,0,2020-08-04,49,51,,,,0.9842788789092106,08:10:51.149277
136,0.001621452207331453,0,0.00029306018372410314,0.0007802080799337308,200000,1,2020-08-04,60,0,29.0,,11.0,1.013874478211113,08:40:56.443086
137,0.0013283920236073499,0,0.0,0.0004871478962096276,400000,1,2020-08-04,58,14,22.0,,6.0,1.013581418027389,08:40:56.443086
138,0.0008412441273977223,0,0.0,0.0,800000,1,2020-08-04,56,30,11.0,,3.0,1.0130942701311794,08:40:56.443086
139,0.0,0,0.0,0.0,1600000,1,2020-08-04,52,38,8.0,,2.0,1.0122530260037816,08:40:56.443086
140,0.0019855752932254056,0,0.00031720591842931967,0.0008666083313360051,200000,0,2020-08-04,16,84,0.0,,,0.9855578274711502,08:41:00.569363
141,0.001668369374796086,0,0.0,0.0005494024129066855,400000,0,2020-08-04,35,65,0.0,,,0.9852406215527209,08:41:00.569363
142,0.0011189669618894005,0,0.0,0.0,800000,0,2020-08-04,45,55,0.0,,,0.9846912191398142,08:41:00.569363
143,0.0,0,0.0,0.0,1600000,0,2020-08-04,48,48,4.0,,,0.9835722521779248,08:41:00.569363
144,0.001588794670349225,0,0.0003064947439779253,0.0007534066822487695,200000,1,2020-08-04,51,28,0.0,,21.0,1.0141965485170088,09:11:05.564296
145,0.0012822999263712997,0,0.0,0.0004469119382708442,400000,1,2020-08-04,41,27,21.0,,11.0,1.0138900537730309,09:11:05.564296
146,0.0008353879881004556,0,0.0,0.0,800000,1,2020-08-04,48,36,11.0,,5.0,1.01344314183476,09:11:05.564296
147,0.0,0,0.0,0.0,1600000,1,2020-08-04,49,40,8.0,,3.0,1.0126077538466596,09:11:05.564296
148,0.001913638381455307,0,0.0002580930494223699,0.0007921113422963977,200000,0,2020-08-04,47,53,0.0,,,0.9850263602508831,09:11:10.710394
149,0.0016555453320329372,0,0.0,0.0005340182928740278,400000,0,2020-08-04,51,49,0.0,,,0.9847682672014607,09:11:10.710394
150,0.0011215270391589094,0,0.0,0.0,800000,0,2020-08-04,53,47,0.0,,,0.9842342489085867,09:11:10.710394
151,0.0,0,0.0,0.0,1600000,0,2020-08-04,53,43,4.0,,,0.9831127218694278,09:11:10.710394
152,0.0014372356650249607,0,0.00011924484706393734,0.0005849708270373455,200000,1,2020-08-04,83,16,0.0,,1.0,1.014694916310067,22:45:18.885548
153,0.0013179908179610234,0,0.0,0.00046572597997340814,400000,1,2020-08-04,50,50,0.0,,0.0,1.014575671463003,22:45:18.885548
154,0.0008522648379876152,0,0.0,0.0,800000,1,2020-08-04,47,43,10.0,,0.0,1.0141099454830296,22:45:18.885548
155,0.0,0,0.0,0.0,1600000,1,2020-08-04,50,43,7.0,,0.0,1.013257680645042,22:45:18.885548
156,0.0021082716078545394,0,0.0002821309866748445,0.000860888364094925,200000,0,2020-08-04,68,32,,,0.0,0.9840813798974188,22:45:23.751030
157,0.0018261406211796949,0,0.0,0.0005787573774200805,400000,0,2020-08-04,62,38,,,0.0,0.983799248910744,22:45:23.751030
158,0.0012473832437596144,0,0.0,0.0,800000,0,2020-08-04,60,40,,,0.0,0.9832204915333239,22:45:23.751030
159,0.0,0,0.0,0.0,1600000,0,2020-08-04,58,40,,,2.0,0.9819731082895643,22:45:23.751030
160,0.001598623385577147,0,0.00026633706275136504,0.0007437560370628926,200000,1,2020-08-04,53,47,0.0,,,1.0149515273924399,23:15:27.573900
161,0.001332286322825782,0,0.0,0.0004774189743115276,400000,1,2020-08-04,55,45,0.0,,,1.0146851903296885,23:15:27.573900
162,0.0008548673485142544,0,0.0,0.0,800000,1,2020-08-04,49,41,10.0,,,1.014207771355377,23:15:27.573900
163,0.0,0,0.0,0.0,1600000,1,2020-08-04,51,42,7.0,,,1.0133529040068627,23:15:27.573900
164,0.00211996202439646,0,0.000277932903396505,0.0008589747286683602,200000,0,2020-08-04,59,41,,,0.0,0.9839470982762742,23:15:31.906817
165,0.001842029120999955,0,0.0,0.0005810418252718552,400000,0,2020-08-04,58,42,,,0.0,0.9836691653728777,23:15:31.906817
166,0.0012609872957280999,0,0.0,0.0,800000,0,2020-08-04,57,43,,,0.0,0.9830881235476059,23:15:31.906817
167,0.0,0,0.0,0.0,1600000,0,2020-08-04,57,41,,,2.0,0.9818271362518778,23:15:31.906817
168,0.0015952535079750696,0,0.0002666265444817295,0.0007393014955259236,200000,1,2020-08-04,52,48,0.0,,,1.0149052725450771,23:45:37.224299
169,0.00132862696349334,0,0.0,0.0004726749510441941,400000,1,2020-08-04,54,46,0.0,,,1.0146386460005954,23:45:37.224299
170,0.000855952012449146,0,0.0,0.0,800000,1,2020-08-04,49,41,10.0,,,1.0141659710495512,23:45:37.224299
171,0.0,0,0.0,0.0,1600000,1,2020-08-04,50,43,7.0,,,1.013310019037102,23:45:37.224299
172,0.002124179875659382,0,0.00027829335252860243,0.0008591209024239044,200000,0,2020-08-04,60,40,,,0.0,0.9839942454269175,23:45:41.316470
173,0.0018458865231307797,0,0.0,0.0005808275498953019,400000,0,2020-08-04,58,42,,,0.0,0.9837159520743889,23:45:41.316470
174,0.0012650589732354778,0,0.0,0.0,800000,0,2020-08-04,58,42,,,0.0,0.9831351245244936,23:45:41.316470
175,0.0,0,0.0,0.0,1600000,0,2020-08-04,57,41,,,2.0,0.9818700655512581,23:45:41.316470
176,0.0016668387228564452,0,0.0003035980985022224,0.000805430694853948,200000,1,2020-08-05,28,69,0.0,,3.0,1.015265979082721,00:15:45.416063
177,0.0013632406243542228,0,0.0,0.0005018325963517256,400000,1,2020-08-05,40,55,0.0,,5.0,1.0149623809842188,00:15:45.416063
178,0.0008614080280024972,0,0.0,0.0,800000,1,2020-08-05,43,46,6.0,,5.0,1.014460548387867,00:15:45.416063
179,0.0,0,0.0,0.0,1600000,1,2020-08-05,46,44,7.0,,3.0,1.0135991403598645,00:15:45.416063
180,0.002245939483221493,0,0.0003242994644646613,0.000938909880571992,200000,0,2020-08-05,83,17,,,0.0,0.9837931346205065,00:15:50.333586
181,0.0019216400187568317,0,0.0,0.0006146104161073307,400000,0,2020-08-05,70,30,,,0.0,0.9834688351560419,00:15:50.333586
182,0.001307029602649501,0,0.0,0.0,800000,0,2020-08-05,64,36,,,0.0,0.9828542247399346,00:15:50.333586
183,0.0,0,0.0,0.0,1600000,0,2020-08-05,60,39,,,1.0,0.9815471951372851,00:15:50.333586
184,0.0016185750170303326,0,0.0002615176285238885,0.0007604788339434787,200000,1,2020-08-05,55,42,0.0,,3.0,1.0154662713010314,00:45:54.322187
185,0.001357057388506444,0,0.0,0.0004989612054195902,400000,1,2020-08-05,54,41,0.0,,5.0,1.0152047536725075,00:45:54.322187
186,0.0008580961830868539,0,0.0,0.0,800000,1,2020-08-05,53,42,0.0,,5.0,1.014705792467088,00:45:54.322187
187,0.0,0,0.0,0.0,1600000,1,2020-08-05,50,40,7.0,,3.0,1.013847696284001,00:45:54.322187
188,0.002210589536408847,0,0.00029076352553736307,0.0008995947402150595,200000,0,2020-08-05,56,44,,,0.0,0.9834310010696514,00:46:00.001064
189,0.0019198260108714837,0,0.0,0.0006088312146776964,400000,0,2020-08-05,56,44,,,0.0,0.9831402375441141,00:46:00.001064
190,0.0013109947961937873,0,0.0,0.0,800000,0,2020-08-05,57,43,,,0.0,0.9825314063294364,00:46:00.001064
191,0.0,0,0.0,0.0,1600000,0,2020-08-05,56,42,,,2.0,0.9812204115332426,00:46:00.001064
192,0.0016269436307265739,0,0.0002646517361208911,0.0007658963695500454,200000,1,2020-08-05,61,36,0.0,,3.0,1.0154879094996145,01:16:04.531713
193,0.0013622918946056828,0,0.0,0.0005012446334291543,400000,1,2020-08-05,56,39,0.0,,5.0,1.0152232577634936,01:16:04.531713
194,0.0008610472611765285,0,0.0,0.0,800000,1,2020-08-05,54,41,0.0,,5.0,1.0147220131300645,01:16:04.531713
195,0.0,0,0.0,0.0,1600000,1,2020-08-05,50,40,7.0,,3.0,1.013860965868888,01:16:04.531713
196,0.0022313955876698266,0,0.00029367386963696784,0.0009050261269476501,200000,0,2020-08-05,50,50,,,0.0,0.9834169750985425,01:16:09.480854
197,0.0019377217180328588,0,0.0,0.0006113522573106822,400000,0,2020-08-05,54,46,,,0.0,0.9831233012289056,01:16:09.480854
198,0.0013263694607221765,0,0.0,0.0,800000,0,2020-08-05,55,45,,,0.0,0.9825119489715949,01:16:09.480854
199,0.0,0,0.0,0.0,1600000,0,2020-08-05,56,43,,,1.0,0.9811855795108727,01:16:09.480854
200,0.0015393115262782864,0,0.00025248530339960773,0.0007085676522144979,200000,1,2020-08-05,59,30,0.0,1.0,10.0,1.0148803177702383,01:46:14.767597
201,0.0012868262228786786,0,0.0,0.0004560823488148902,400000,1,2020-08-05,54,35,0.0,1.0,10.0,1.0146278324668387,01:46:14.767597
202,0.0008307438740637885,0,0.0,0.0,800000,1,2020-08-05,48,34,13.0,0.0,5.0,1.0141717501180239,01:46:14.767597
203,0.0,0,0.0,0.0,1600000,1,2020-08-05,49,39,9.0,0.0,3.0,1.01334100624396,01:46:14.767597
204,0.002131522594685742,0,0.0002810545458743485,0.0008620184252615681,200000,0,2020-08-05,47,53,,,0.0,0.9840977130400422,01:46:19.276202
205,0.0018504680488113934,0,0.0,0.0005809638793872196,400000,0,2020-08-05,52,48,,,0.0,0.9838166584941679,01:46:19.276202
206,0.0012695041694241738,0,0.0,0.0,800000,0,2020-08-05,54,46,,,0.0,0.9832356946147807,01:46:19.276202
207,0.0,0,0.0,0.0,1600000,0,2020-08-05,56,43,,,1.0,0.9819661904453565,01:46:19.276202
208,0.0015685927388646714,0,0.00025882773897056843,0.0007335030365680506,200000,1,2020-08-05,60,30,0.0,,10.0,1.0150719581471583,02:16:24.178513
209,0.001309764999894103,0,0.0,0.00047467529759748217,400000,1,2020-08-05,55,35,0.0,,10.0,1.0148131304081878,02:16:24.178513
210,0.0008350897022966208,0,0.0,0.0,800000,1,2020-08-05,49,35,11.0,,5.0,1.0143384551105903,02:16:24.178513
211,0.0,0,0.0,0.0,1600000,1,2020-08-05,49,39,9.0,,3.0,1.0135033654082937,02:16:24.178513
212,0.0021668635360678756,0,0.0002861851679827332,0.0008767367962811967,200000,0,2020-08-05,46,54,,,0.0,0.9838857194367072,02:16:27.872204
213,0.0018806783680851424,0,0.0,0.0005905516282984635,400000,0,2020-08-05,51,49,,,0.0,0.9835995342687245,02:16:27.872204
214,0.001290126739786679,0,0.0,0.0,800000,0,2020-08-05,54,46,,,0.0,0.983008982640426,02:16:27.872204
215,0.0,0,0.0,0.0,1600000,0,2020-08-05,55,44,,,1.0,0.9817188559006393,02:16:27.872204
216,0.0015949006833191337,0,0.0002711068619942747,0.0007592009201269345,200000,1,2020-08-05,60,40,0.0,,,1.0150665934714698,02:46:33.345189
217,0.001323793821324859,0,0.0,0.0004880940581326598,400000,1,2020-08-05,58,42,0.0,,,1.0147954866094755,02:46:33.345189
218,0.0008356997631921992,0,0.0,0.0,800000,1,2020-08-05,50,38,12.0,,,1.0143073925513428,02:46:33.345189
219,0.0,0,0.0,0.0,1600000,1,2020-08-05,50,41,9.0,,,1.0134716927881506,02:46:33.345189
220,0.0021572818665777094,0,0.0002829830695464386,0.0008738231528763185,200000,0,2020-08-05,52,48,,,0.0,0.9838292456157277,02:46:38.662387
221,0.0018742987970312708,0,0.0,0.0005908400833298799,400000,0,2020-08-05,54,46,,,0.0,0.9835462625461813,02:46:38.662387
222,0.0012834587137013909,0,0.0,0.0,800000,0,2020-08-05,56,44,,,0.0,0.9829554224628514,02:46:38.662387
223,0.0,0,0.0,0.0,1600000,0,2020-08-05,55,43,,,2.0,0.98167196374915,02:46:38.662387
224,0.001611723102674656,0,0.0002820239761480714,0.0007692966335777207,200000,1,2020-08-05,28,62,0.0,,10.0,1.01512395963873,03:16:44.168846
225,0.0013296991265265845,0,0.0,0.0004872726574296493,400000,1,2020-08-05,39,51,0.0,,10.0,1.014841935662582,03:16:44.168846
226,0.0008424264690969352,0,0.0,0.0,800000,1,2020-08-05,41,43,11.0,,5.0,1.0143546630051523,03:16:44.168846
227,0.0,0,0.0,0.0,1600000,1,2020-08-05,45,43,9.0,,3.0,1.0135122365360554,03:16:44.168846
228,0.0022165968172412898,0,0.00030993789753508416,0.0009135392409508336,200000,0,2020-08-05,79,21,,,,0.9839231788446141,03:16:48.543692
229,0.0019066589197062056,0,0.0,0.0006036013434157494,400000,0,2020-08-05,68,32,,,,0.983613240947079,03:16:48.543692
230,0.0013030575762904562,0,0.0,0.0,800000,0,2020-08-05,62,38,,,,0.9830096396036633,03:16:48.543692
231,0.0,0,0.0,0.0,1600000,0,2020-08-05,60,40,,,,0.9817065820273728,03:16:48.543692
232,0.0015956483000028054,0,0.0002582258997110287,0.0007456157144702935,200000,1,2020-08-05,28,57,14.0,,1.0,1.015181479639749,03:46:53.516137
233,0.0013374224002917767,0,0.0,0.0004873898147592648,400000,1,2020-08-05,41,50,7.0,,2.0,1.014923253740038,03:46:53.516137
234,0.0008500325855325119,0,0.0,0.0,800000,1,2020-08-05,42,42,13.0,,3.0,1.0144358639252786,03:46:53.516137
235,0.0,0,0.0,0.0,1600000,1,2020-08-05,46,43,9.0,,2.0,1.0135858313397461,03:46:53.516137
236,0.002220600898717895,0,0.00030556651590651907,0.0009100939844212119,200000,0,2020-08-05,76,24,,,,0.9838162603431332,03:46:57.142708
237,0.0019150343828113758,0,0.0,0.0006045274685146929,400000,0,2020-08-05,66,34,,,,0.9835106938272267,03:46:57.142708
238,0.001310506914296683,0,0.0,0.0,800000,0,2020-08-05,62,38,,,,0.982906166358712,03:46:57.142708
239,0.0,0,0.0,0.0,1600000,0,2020-08-05,60,40,,,,0.9815956594444153,03:46:57.142708
240,0.0016156932555977388,0,0.00026433485542809443,0.0007614967041149612,200000,1,2020-08-05,30,58,11.0,,1.0,1.01518475970126,04:17:01.608952
241,0.0013513584001696444,0,0.0,0.0004971618486868667,400000,1,2020-08-05,42,51,6.0,,1.0,1.014920424845832,04:17:01.608952
242,0.0008541965514827776,0,0.0,0.0,800000,1,2020-08-05,43,43,13.0,,1.0,1.014423262997145,04:17:01.608952
243,0.0,0,0.0,0.0,1600000,1,2020-08-05,46,43,9.0,,2.0,1.0135690664456622,04:17:01.608952
244,0.0022190931558483395,0,0.0003044235412733576,0.000908510794578099,200000,0,2020-08-05,76,24,,,,0.9838047578886951,04:17:05.141603
245,0.001914669614574982,0,0.0,0.0006040872533047414,400000,0,2020-08-05,66,34,,,,0.9835003343474218,04:17:05.141603
246,0.0013105823612702405,0,0.0,0.0,800000,0,2020-08-05,61,39,,,,0.982896247094117,04:17:05.141603
247,0.0,0,0.0,0.0,1600000,0,2020-08-05,60,40,,,,0.9815856647328468,04:17:05.141603
248,0.0016257263205687877,0,0.0002633359644483857,0.0007661632588189526,200000,1,2020-08-05,39,53,8.0,,0.0,1.0152023834223265,04:47:09.379907
249,0.001362390356120402,0,0.0,0.000502827294370567,400000,1,2020-08-05,47,49,4.0,,0.0,1.014939047457878,04:47:09.379907
250,0.0008595630617498351,0,0.0,0.0,800000,1,2020-08-05,46,42,12.0,,0.0,1.0144362201635075,04:47:09.379907
251,0.0,0,0.0,0.0,1600000,1,2020-08-05,48,43,8.0,,1.0,1.0135766571017577,04:47:09.379907
252,0.002165043715707804,0,0.00029350780611558935,0.0008939453441276779,200000,0,2020-08-05,69,31,,,0.0,0.9837285489402202,04:47:14.361267
253,0.0018715359095922146,0,0.0,0.0006004375380120885,400000,0,2020-08-05,63,37,,,0.0,0.9834350411341046,04:47:14.361267
254,0.001271098371580126,0,0.0,0.0,800000,0,2020-08-05,59,40,,,1.0,0.9828346035960925,04:47:14.361267
255,0.0,0,0.0,0.0,1600000,0,2020-08-05,58,40,,,2.0,0.9815635052245124,04:47:14.361267
256,0.0018942690559513586,0,0.0003764661645750955,0.0009501619908176551,200000,1,2020-08-05,18,82,0.0,,0.0,1.0159967798521654,05:17:18.436685
257,0.0015178028913762631,0,0.0,0.0005736958262425595,400000,1,2020-08-05,35,61,4.0,,0.0,1.0156203136875903,05:17:18.436685
258,0.0009441070651337036,0,0.0,0.0,800000,1,2020-08-05,45,53,2.0,,0.0,1.0150466178613478,05:17:18.436685
259,0.0,0,0.0,0.0,1600000,1,2020-08-05,46,46,7.0,,1.0,1.014102510796214,05:17:18.436685
260,0.002407664336692261,0,0.00038276738377107655,0.0010497818034970186,200000,0,2020-08-05,95,4,,,1.0,0.9832391621558769,05:17:22.297692
261,0.0020248969529211847,0,0.0,0.000667014419725942,400000,0,2020-08-05,76,23,,,1.0,0.9828563947721058,05:17:22.297692
262,0.0013578825331952427,0,0.0,0.0,800000,0,2020-08-05,66,33,,,1.0,0.9821893803523799,05:17:22.297692
263,0.0,0,0.0,0.0,1600000,0,2020-08-05,61,37,,,2.0,0.9808314978191847,05:17:22.297692
264,0.0017251100936035435,0,0.00029220616808212085,0.0008255940772479153,200000,1,2020-08-05,37,63,0.0,,,1.015574663010789,05:47:26.222657
265,0.0014329039255214227,0,0.0,0.0005333879091657945,400000,1,2020-08-05,44,52,4.0,,,1.0152824568427068,05:47:26.222657
266,0.0008995160163556282,0,0.0,0.0,800000,1,2020-08-05,49,48,3.0,,,1.014749068933541,05:47:26.222657
267,0.0,0,0.0,0.0,1600000,1,2020-08-05,49,44,7.0,,,1.0138495529171854,05:47:26.222657
268,0.0022992274267131796,0,0.00031557130730608396,0.0009409905084867276,200000,0,2020-08-05,76,24,,,,0.9833992945928888,05:47:29.119345
269,0.0019836561194070956,0,0.0,0.0006254192011806436,400000,0,2020-08-05,66,34,,,,0.9830837232855827,05:47:29.119345
270,0.001358236918226452,0,0.0,0.0,800000,0,2020-08-05,62,38,,,,0.982458304084402,05:47:29.119345
271,0.0,0,0.0,0.0,1600000,0,2020-08-05,60,40,,,,0.9811000671661756,05:47:29.119345
272,0.0016806021785358283,0,0.0002784766414809514,0.0008041699608345443,200000,1,2020-08-05,39,61,0.0,,0.0,1.0154260278060836,06:17:32.595902
273,0.0014021255370548769,0,0.0,0.0005256933193535929,400000,1,2020-08-05,45,51,4.0,,0.0,1.0151475511646026,06:17:32.595902
274,0.000876432217701284,0,0.0,0.0,800000,1,2020-08-05,48,46,6.0,,0.0,1.014621857845249,06:17:32.595902
275,0.0,0,0.0,0.0,1600000,1,2020-08-05,48,43,8.0,,1.0,1.0137454256275478,06:17:32.595902
276,0.0022024821553653373,0,0.0003068844412034144,0.0009083647511496373,200000,0,2020-08-05,74,26,,,0.0,0.9835284246571193,06:17:36.740976
277,0.001895597714161923,0,0.0,0.0006014803099462229,400000,0,2020-08-05,65,35,,,0.0,0.9832215402159159,06:17:36.740976
278,0.0012941174042157,0,0.0,0.0,800000,0,2020-08-05,60,38,,,2.0,0.9826200599059697,06:17:36.740976
279,0.0,0,0.0,0.0,1600000,0,2020-08-05,58,40,,,2.0,0.981325942501754,06:17:36.740976
280,0.0017373395660447155,0,0.00029131441053142915,0.0008235938449654423,200000,1,2020-08-05,47,53,0.0,,0.0,1.0158061910477358,06:47:41.635502
281,0.0014460251555132864,0,0.0,0.0005322794344340132,400000,1,2020-08-05,49,47,4.0,,0.0,1.0155148766372044,06:47:41.635502
282,0.0009137457210792732,0,0.0,0.0,800000,1,2020-08-05,52,46,2.0,,0.0,1.0149825972027704,06:47:41.635502
283,0.0,0,0.0,0.0,1600000,1,2020-08-05,49,42,7.0,,2.0,1.0140688514816911,06:47:41.635502
284,0.0022669473094623083,0,0.00030530803631589887,0.0009288089864469828,200000,0,2020-08-05,66,34,,,0.0,0.983092462087736,06:47:45.403214
285,0.0019616392731464094,0,0.0,0.000623500950131084,400000,0,2020-08-05,61,39,,,0.0,0.9827871540514201,06:47:45.403214
286,0.0013381383230153254,0,0.0,0.0,800000,0,2020-08-05,59,40,,,1.0,0.9821636531012891,06:47:45.403214
287,0.0,0,0.0,0.0,1600000,0,2020-08-05,57,41,,,2.0,0.9808255147782737,06:47:45.403214
288,0.0016107879655766766,0,0.0002556802863618035,0.0007587614509578788,200000,1,2020-08-05,50,42,8.0,,0.0,1.015224127970005,07:17:48.883571
289,0.001355107679214873,0,0.0,0.0005030811645960753,400000,1,2020-08-05,53,43,4.0,,0.0,1.0149684476836431,07:17:48.883571
290,0.0008520265146187977,0,0.0,0.0,800000,1,2020-08-05,48,39,12.0,,1.0,1.014465366519047,07:17:48.883571
291,0.0,0,0.0,0.0,1600000,1,2020-08-05,49,41,8.0,,2.0,1.0136133400044283,07:17:48.883571
292,0.002186179053789483,0,0.0002880673134332268,0.0008911983956189085,200000,0,2020-08-05,57,43,,,0.0,0.9836643973391881,07:17:53.577398
293,0.0018981117403562564,0,0.0,0.0006031310821856817,400000,0,2020-08-05,57,43,,,0.0,0.9833763300257549,07:17:53.577398
294,0.0012949806581705747,0,0.0,0.0,800000,0,2020-08-05,57,43,,,0.0,0.9827731989435692,07:17:53.577398
295,0.0,0,0.0,0.0,1600000,0,2020-08-05,56,42,,,2.0,0.9814782182853986,07:17:53.577398
296,0.0016479814521810354,0,0.00026430142832523096,0.0007819122180408034,200000,1,2020-08-05,54,46,0.0,,0.0,1.0154141161391463,07:47:57.566888
297,0.0013836800238558045,0,0.0,0.0005176107897155724,400000,1,2020-08-05,53,43,4.0,,0.0,1.015149814710821,07:47:57.566888
298,0.0008660692341402321,0,0.0,0.0,800000,1,2020-08-05,52,43,4.0,,1.0,1.0146322039211055,07:47:57.566888
299,0.0,0,0.0,0.0,1600000,1,2020-08-05,49,41,8.0,,2.0,1.0137661346869653,07:47:57.566888
300,0.0022171626335214523,0,0.00029252008225222337,0.0009045149484899762,200000,0,2020-08-05,58,42,,,0.0,0.9834698538570376,07:48:01.190161
301,0.001924642551269229,0,0.0,0.0006119948662377528,400000,0,2020-08-05,57,43,,,0.0,0.9831773337747853,07:48:01.190161
302,0.001312647685031476,0,0.0,0.0,800000,0,2020-08-05,57,42,,,1.0,0.9825653389085476,07:48:01.190161
303,0.0,0,0.0,0.0,1600000,0,2020-08-05,56,42,,,2.0,0.9812526912235161,07:48:01.190161
304,0.001991224021191673,0,0.0004300392831448896,0.001030765838284431,200000,1,2020-08-05,100,0,0.0,,,1.016186421793507,08:18:07.548744
305,0.0015611847380467836,0,0.0,0.0006007265551395413,400000,1,2020-08-05,82,18,0.0,,,1.0157563825103622,08:18:07.548744
306,0.0009604581829072423,0,0.0,0.0,800000,1,2020-08-05,68,30,2.0,,,1.0151556559552226,08:18:07.548744
307,0.0,0,0.0,0.0,1600000,1,2020-08-05,59,35,6.0,,,1.0141951977723154,08:18:07.548744
308,0.0024503226432623926,0,0.00043907069028137347,0.0011098026105130776,200000,0,2020-08-05,7,93,0.0,,0.0,0.9832939726190061,08:18:11.427301
309,0.002011251952981019,0,0.0,0.0006707319202317041,400000,0,2020-08-05,30,67,3.0,,0.0,0.9828549019287247,08:18:11.427301
310,0.001340520032749315,0,0.0,0.0,800000,0,2020-08-05,43,54,1.0,,2.0,0.982184170008493,08:18:11.427301
311,0.0,0,0.0,0.0,1600000,0,2020-08-05,50,47,1.0,,2.0,0.9808436499757437,08:18:11.427301
312,0.001946189295206846,0,0.0004107227069731767,0.0009969636633451184,200000,1,2020-08-05,100,0,0.0,,,1.0160917375574445,08:48:15.802621
313,0.0015354665882336693,0,0.0,0.0005862409563719417,400000,1,2020-08-05,80,20,0.0,,,1.0156810148504714,08:48:15.802621
314,0.0009492256318617276,0,0.0,0.0,800000,1,2020-08-05,67,31,2.0,,,1.0150947738940994,08:48:15.802621
315,0.0,0,0.0,0.0,1600000,1,2020-08-05,58,35,7.0,,,1.0141455482622377,08:48:15.802621
316,0.0024686883792115477,0,0.0004145310264320745,0.0010762753126521973,200000,0,2020-08-05,10,90,0.0,,0.0,0.9833044250017573,08:48:19.450449
317,0.002054157352779473,0,0.0,0.0006617442862201228,400000,0,2020-08-05,32,64,3.0,,1.0,0.9828898939753252,08:48:19.450449
318,0.0013924130665593504,0,0.0,0.0,800000,0,2020-08-05,45,53,1.0,,1.0,0.9822281496891051,08:48:19.450449
319,0.0,0,0.0,0.0,1600000,0,2020-08-05,52,47,1.0,,0.0,0.9808357366225458,08:48:19.450449
320,0.0017913352687253248,0,0.0003918401555884632,0.0009119039270677476,200000,1,2020-08-05,6,90,4.0,,0.0,1.0150804461628533,09:18:23.380071
321,0.0013994951131368616,0,0.0,0.0005200637714792844,400000,1,2020-08-05,31,67,2.0,,0.0,1.0146886060072648,09:18:23.380071
322,0.0008794313416575772,0,0.0,0.0,800000,1,2020-08-05,37,52,11.0,,0.0,1.0141685422357856,09:18:23.380071
323,0.0,0,0.0,0.0,1600000,1,2020-08-05,44,47,8.0,,1.0,1.013289110894128,09:18:23.380071
324,0.0022996274523910953,0,0.00040032371666309796,0.0010383988659085075,200000,0,2020-08-05,100,0,0.0,0.0,0.0,0.984342464987963,09:18:28.126434
325,0.0018993037357279974,0,0.0,0.0006380751492454095,400000,0,2020-08-05,81,19,0.0,0.0,0.0,0.9839421412712999,09:18:28.126434
326,0.0012612285864825878,0,0.0,0.0,800000,0,2020-08-05,68,31,1.0,0.0,0.0,0.9833040661220545,09:18:28.126434
327,0.0,0,0.0,0.0,1600000,0,2020-08-05,62,35,1.0,1.0,1.0,0.9820428375355719,09:18:28.126434
328,0.0017631796517147968,0,0.00033775865467622346,0.0008796543101621257,200000,1,2020-08-05,21,77,2.0,,0.0,1.0153753015155924,09:48:33.653633
329,0.0014254209970385734,0,0.0,0.0005418956554859022,400000,1,2020-08-05,38,61,1.0,,0.0,1.0150375428609162,09:48:33.653633
330,0.0008835253415526712,0,0.0,0.0,800000,1,2020-08-05,42,48,10.0,,0.0,1.0144956472054303,09:48:33.653633
331,0.0,0,0.0,0.0,1600000,1,2020-08-05,46,45,7.0,,2.0,1.0136121218638776,09:48:33.653633
332,0.0022474084078766277,0,0.0003557199621078144,0.0009751799617646606,200000,0,2020-08-05,90,8,0.0,2.0,0.0,0.9838012076269607,09:48:37.935475
333,0.0018916884457688132,0,0.0,0.0006194599996568462,400000,0,2020-08-05,73,26,0.0,1.0,0.0,0.9834454876648528,09:48:37.935475
334,0.001272228446111967,0,0.0,0.0,800000,0,2020-08-05,64,33,1.0,1.0,1.0,0.982826027665196,09:48:37.935475
335,0.0,0,0.0,0.0,1600000,0,2020-08-05,59,37,1.0,1.0,2.0,0.981553799219084,09:48:37.935475
336,0.0017414587498136846,0,0.00028548733109046154,0.0008301201210421105,200000,1,2020-08-05,60,40,0.0,,0.0,1.0156941697018842,10:18:41.869798
337,0.0014559714187232231,0,0.0,0.000544632789951649,400000,1,2020-08-05,58,42,0.0,,0.0,1.0154086823707937,10:18:41.869798
338,0.0009113386287715741,0,0.0,0.0,800000,1,2020-08-05,57,43,0.0,,0.0,1.014864049580842,10:18:41.869798
339,0.0,0,0.0,0.0,1600000,1,2020-08-05,52,41,6.0,,1.0,1.0139527109520705,10:18:41.869798
340,0.0022221687209768026,0,0.00028935516452888166,0.0008826367395652346,200000,0,2020-08-05,53,47,0.0,,0.0,0.9831913770290918,10:18:45.865216
341,0.001932813556447921,0,0.0,0.0005932815750363529,400000,0,2020-08-05,54,44,0.0,,2.0,0.9829020218645629,10:18:45.865216
342,0.001339531981411568,0,0.0,0.0,800000,0,2020-08-05,54,43,1.0,,2.0,0.9823087402895265,10:18:45.865216
343,0.0,0,0.0,0.0,1600000,0,2020-08-05,56,42,1.0,,1.0,0.980969208308115,10:18:45.865216
344,0.001747849843967364,0,0.0002874892248634353,0.000831995953445519,200000,1,2020-08-05,64,36,0.0,,,1.015693777291606,10:48:50.150709
345,0.0014603606191039287,0,0.0,0.0005445067285820837,400000,1,2020-08-05,60,40,0.0,,,1.0154062880667425,10:48:50.150709
346,0.000915853890521845,0,0.0,0.0,800000,1,2020-08-05,58,42,0.0,,,1.0148617813381604,10:48:50.150709
347,0.0,0,0.0,0.0,1600000,1,2020-08-05,53,41,6.0,,,1.0139459274476386,10:48:50.150709
348,0.002179215218457764,0,0.00029825292590990315,0.0008680455724500158,200000,0,2020-08-05,49,51,0.0,,0.0,0.9832044224096397,10:48:53.989165
349,0.0018809622925478608,0,0.0,0.0005697926465401126,400000,0,2020-08-05,52,46,1.0,,1.0,0.9829061694837298,10:48:53.989165
350,0.0013111696460077482,0,0.0,0.0,800000,0,2020-08-05,52,43,3.0,,2.0,0.9823363768371897,10:48:53.989165
351,0.0,0,0.0,0.0,1600000,0,2020-08-05,55,42,2.0,,1.0,0.9810252071911819,10:48:53.989165
352,0.002331968088968406,0,0.00039388679374186,0.001094169842269288,200000,1,2020-08-05,36,64,0.0,,,1.018840642697798,11:19:00.581551
353,0.0019380812952265458,0,0.0,0.0007002830485274281,400000,1,2020-08-05,47,53,0.0,,,1.0184467559040562,11:19:00.581551
354,0.0012377982466991178,0,0.0,0.0,800000,1,2020-08-05,52,48,0.0,,,1.0177464728555288,11:19:00.581551
355,0.0,0,0.0,0.0,1600000,1,2020-08-05,53,45,2.0,,,1.0165086746088297,11:19:00.581551
356,0.0029336625400324667,0,0.0004078514558712998,0.0012109674899387635,200000,0,2020-08-05,77,18,0.0,,5.0,0.9801746239722813,11:19:05.265504
357,0.002525811084161167,0,0.0,0.0008031160340674637,400000,0,2020-08-05,67,30,0.0,,3.0,0.97976677251641,11:19:05.265504
358,0.0017226950500937033,0,0.0,0.0,800000,0,2020-08-05,63,36,0.0,,1.0,0.9789636564823425,11:19:05.265504
359,0.0,0,0.0,0.0,1600000,0,2020-08-05,59,38,3.0,,0.0,0.9772409614322488,11:19:05.265504
360,0.001868376744643685,0,0.00033003210097204416,0.0009059068786443358,200000,1,2020-08-05,72,27,0.0,,1.0,1.0165050101422035,11:49:11.808644
361,0.0015383446436716408,0,0.0,0.0005758747776722917,400000,1,2020-08-05,64,35,0.0,,1.0,1.0161749780412315,11:49:11.808644
362,0.0009624698659993491,0,0.0,0.0,800000,1,2020-08-05,58,38,4.0,,0.0,1.0155991032635592,11:49:11.808644
363,0.0,0,0.0,0.0,1600000,1,2020-08-05,52,39,9.0,,0.0,1.0146366333975598,11:49:11.808644
364,0.0024694431086910162,0,0.0003331847886339778,0.0010020872077756149,200000,0,2020-08-05,40,60,,,0.0,0.9824504716576622,11:49:16.304206
365,0.0021362583200570384,0,0.0,0.0006689024191416371,400000,0,2020-08-05,48,52,,,0.0,0.9821172868690282,11:49:16.304206
366,0.0014673559009154014,0,0.0,0.0,800000,0,2020-08-05,52,47,,,1.0,0.9814483844498866,11:49:16.304206
367,0.0,0,0.0,0.0,1600000,0,2020-08-05,56,44,,,0.0,0.9799810285489712,11:49:16.304206
368,0.0021013979318167397,0,0.00035384079099332055,0.0009934746385489301,200000,1,2020-08-05,40,59,0.0,,1.0,1.0178443682910394,12:19:23.025362
369,0.0017475571408234192,0,0.0,0.0006396338475556096,400000,1,2020-08-05,49,51,0.0,,0.0,1.017490527500046,12:19:23.025362
370,0.0011079232932678096,0,0.0,0.0,800000,1,2020-08-05,52,47,0.0,,1.0,1.0168508936524905,12:19:23.025362
371,0.0,0,0.0,0.0,1600000,1,2020-08-05,50,43,5.0,,2.0,1.0157429703592227,12:19:23.025362
372,0.002710036428203666,0,0.00036670009938366555,0.0010997573117603743,200000,0,2020-08-05,74,26,0.0,,0.0,0.981089762276269,12:19:27.436436
373,0.0023433363288200004,0,0.0,0.0007330572123767087,400000,0,2020-08-05,66,34,0.0,,0.0,0.9807230621768853,12:19:27.436436
374,0.0016102791164432917,0,0.0,0.0,800000,0,2020-08-05,61,38,0.0,,1.0,0.9799900049645086,12:19:27.436436
375,0.0,0,0.0,0.0,1600000,0,2020-08-05,59,38,3.0,,0.0,0.9783797258480653,12:19:27.436436
376,0.001917044879894636,0,0.000327042420998902,0.0009246557938822342,200000,1,2020-08-05,65,34,0.0,,1.0,1.0171185875004531,12:49:33.676895
377,0.001590002458895734,0,0.0,0.0005976133728833322,400000,1,2020-08-05,60,39,0.0,,1.0,1.0167915450794542,12:49:33.676895
378,0.0009923890860124018,0,0.0,0.0,800000,1,2020-08-05,56,40,3.0,,1.0,1.016193931706571,12:49:33.676895
379,0.0,0,0.0,0.0,1600000,1,2020-08-05,50,38,10.0,,2.0,1.0152015426205585,12:49:33.676895
380,0.0025389010434195836,0,0.0003352326618218937,0.0010294051226044099,200000,0,2020-08-05,49,51,,,0.0,0.9817730048337316,12:49:38.855722
381,0.00220366838159769,0,0.0,0.0006941724607825162,400000,0,2020-08-05,53,47,,,0.0,0.9814377721719098,12:49:38.855722
382,0.0015094959208151737,0,0.0,0.0,800000,0,2020-08-05,55,44,,,1.0,0.9807435997111272,12:49:38.855722
383,0.0,0,0.0,0.0,1600000,0,2020-08-05,56,43,,,1.0,0.9792341037903121,12:49:38.855722
384,0.0017148751343798452,0,0.0003034910041996852,0.0008178268199430239,200000,1,2020-08-05,59,40,0.0,,1.0,1.0162612443446828,13:19:43.916133
385,0.00141138413018016,0,0.0,0.0005143358157433386,400000,1,2020-08-05,57,42,0.0,,1.0,1.015957753340483,13:19:43.916133
386,0.0008970483144368213,0,0.0,0.0,800000,1,2020-08-05,52,39,6.0,,3.0,1.0154434175247398,13:19:43.916133
387,0.0,0,0.0,0.0,1600000,1,2020-08-05,49,38,10.0,,3.0,1.014546369210303,13:19:43.916133
388,0.0023790713872205993,0,0.0003105720769386311,0.0009603988422295373,200000,0,2020-08-05,53,47,,,0.0,0.9826335218912107,13:19:48.583081
389,0.002068499310281968,0,0.0,0.0006498267652909062,400000,0,2020-08-05,55,45,,,0.0,0.982322949814272,13:19:48.583081
390,0.001418672544991062,0,0.0,0.0,800000,0,2020-08-05,56,44,,,0.0,0.9816731230489811,13:19:48.583081
391,0.0,0,0.0,0.0,1600000,0,2020-08-05,57,42,,,1.0,0.9802544505039901,13:19:48.583081
392,0.001865742442424212,0,0.0003865796096600427,0.0009457040329645672,200000,1,2020-08-05,16,83,0.0,,1.0,1.0160164864105061,13:49:53.381107
393,0.0014791628327641693,0,0.0,0.0005591244233045245,400000,1,2020-08-05,32,62,5.0,,1.0,1.015629906800846,13:49:53.381107
394,0.0009200384094596448,0,0.0,0.0,800000,1,2020-08-05,41,52,6.0,,1.0,1.0150707823775416,13:49:53.381107
395,0.0,0,0.0,0.0,1600000,1,2020-08-05,43,46,10.0,,1.0,1.014150743968082,13:49:53.381107
396,0.002555188883953896,0,0.00040202852963844293,0.0010971935713992576,200000,0,2020-08-05,94,6,,,,0.9832337101694852,13:49:58.435859
397,0.002153160354315453,0,0.0,0.0006951650417608146,400000,0,2020-08-05,75,25,,,,0.9828316816398468,13:49:58.435859
398,0.0014579953125546385,0,0.0,0.0,800000,0,2020-08-05,65,35,,,,0.982136516598086,13:49:58.435859
399,0.0,0,0.0,0.0,1600000,0,2020-08-05,61,39,,,,0.9806785212855313,13:49:58.435859
400,0.0015141110239564881,0,0.0002465008356902221,0.0006646659972531221,200000,1,2020-08-05,82,17,0.0,,1.0,1.0143025745175205,14:20:05.303751
401,0.001267610188266266,0,0.0,0.00041816516156290007,400000,1,2020-08-05,56,21,22.0,,1.0,1.0140560736818303,14:20:05.303751
402,0.000849445026703366,0,0.0,0.0,800000,1,2020-08-05,52,33,14.0,,1.0,1.0136379085202674,14:20:05.303751
403,0.0,0,0.0,0.0,1600000,1,2020-08-05,50,39,9.0,,2.0,1.012788463493564,14:20:05.303751
404,0.002199478583067682,0,0.00032360657915564417,0.0009224110027565846,200000,0,2020-08-05,22,78,,,,0.9847866696568562,14:20:09.438249
405,0.001875872003912038,0,0.0,0.0005988044236009404,400000,0,2020-08-05,38,62,,,,0.9844630630777006,14:20:09.438249
406,0.0012770675803110976,0,0.0,0.0,800000,0,2020-08-05,46,54,,,,0.9838642586540997,14:20:09.438249
407,0.0,0,0.0,0.0,1600000,0,2020-08-05,50,50,,,,0.9825871910737886,14:20:09.438249
408,0.0018815633329380965,0,0.00030411249068884594,0.0008795987661829319,200000,1,2020-08-05,63,36,0.0,,1.0,1.0164911221915485,14:50:14.365443
409,0.0015774508422492506,0,0.0,0.0005754862754940859,400000,1,2020-08-05,56,39,0.0,,5.0,1.0161870097008596,14:50:14.365443
410,0.0010019645667551647,0,0.0,0.0,800000,1,2020-08-05,54,41,0.0,,5.0,1.0156115234253655,14:50:14.365443
411,0.0,0,0.0,0.0,1600000,1,2020-08-05,50,41,6.0,,3.0,1.0146095588586104,14:50:14.365443
412,0.0025512951225531433,0,0.0003352909856660924,0.0010256385018260206,200000,0,2020-08-05,45,54,,,1.0,0.9823884544931601,14:50:19.483442
413,0.002216004136887051,0,0.0,0.0006903475161599282,400000,0,2020-08-05,50,50,,,0.0,0.982053163507494,14:50:19.483442
414,0.0015256566207271227,0,0.0,0.0,800000,0,2020-08-05,53,47,,,0.0,0.9813628159913341,14:50:19.483442
415,0.0,0,0.0,0.0,1600000,0,2020-08-05,54,46,,,0.0,0.979837159370607,14:50:19.483442
416,0.00181146622182915,0,0.0003063067362598648,0.0008657928796165226,200000,1,2020-08-05,66,32,0.0,,2.0,1.0160695670040714,15:20:24.118223
417,0.0015051594855692851,0,0.0,0.0005594861433566578,400000,1,2020-08-05,60,38,0.0,,2.0,1.0157632602678115,15:20:24.118223
418,0.0009456733422126273,0,0.0,0.0,800000,1,2020-08-05,55,41,0.0,,4.0,1.0152037741244548,15:20:24.118223
419,0.0,0,0.0,0.0,1600000,1,2020-08-05,50,41,6.0,,3.0,1.0142581007822422,15:20:24.118223
420,0.0024484598037394223,0,0.0003274022683209532,0.0009971236915204962,200000,0,2020-08-05,41,59,,,0.0,0.9828357604776794,15:20:29.145215
421,0.002121057535418469,0,0.0,0.000669721423199543,400000,0,2020-08-05,48,52,,,0.0,0.9825083582093584,15:20:29.145215
422,0.0014513361122189261,0,0.0,0.0,800000,0,2020-08-05,52,48,,,0.0,0.9818386367861589,15:20:29.145215
423,0.0,0,0.0,0.0,1600000,0,2020-08-05,53,46,,,1.0,0.98038730067394,15:20:29.145215
424,0.0014770126573306896,0,0.00024749316561156753,0.0006954228323119427,200000,1,2020-08-05,44,27,15.0,3.0,11.0,1.0137127175179375,15:50:32.898673
425,0.0012295194917191221,0,0.0,0.00044792966670037515,400000,1,2020-08-05,47,36,8.0,2.0,7.0,1.0134652243523259,15:50:32.898673
426,0.000781589825018747,0,0.0,0.0,800000,1,2020-08-05,49,41,4.0,1.0,5.0,1.0130172946856255,15:50:32.898673
427,0.0,0,0.0,0.0,1600000,1,2020-08-05,49,44,4.0,0.0,3.0,1.0122357048606068,15:50:32.898673
428,0.0019938711076675775,0,0.0002648503879976172,0.0008103829599742651,200000,0,2020-08-05,43,57,0.0,,,0.9852355331490296,15:50:37.215003
429,0.0017290207196699603,0,0.0,0.000545532571976648,400000,0,2020-08-05,48,52,0.0,,,0.984970682761032,15:50:37.215003
430,0.0011834881476933123,0,0.0,0.0,800000,0,2020-08-05,51,49,0.0,,,0.9844251501890553,15:50:37.215003
431,0.0,0,0.0,0.0,1600000,0,2020-08-05,52,47,1.0,,,0.983241662041362,15:50:37.215003
432,0.0016105788564884094,0,0.000281660748265411,0.0007559987671437174,200000,1,2020-08-05,77,22,0.0,,1.0,1.014297774152934,16:20:40.930200
433,0.0013289181082229984,0,0.0,0.0004743380188783064,400000,1,2020-08-05,61,31,7.0,,1.0,1.0140161134046686,16:20:40.930200
434,0.000854580089344692,0,0.0,0.0,800000,1,2020-08-05,56,39,4.0,,1.0,1.0135417753857903,16:20:40.930200
435,0.0,0,0.0,0.0,1600000,1,2020-08-05,52,41,4.0,,3.0,1.0126871952964456,16:20:40.930200
436,0.0020863202367532585,0,0.0003016400050207535,0.0008833886654471268,200000,0,2020-08-05,29,71,0.0,,0.0,0.9847288690940649,16:20:44.553185
437,0.001784680231732505,0,0.0,0.0005817486604263733,400000,0,2020-08-05,42,58,0.0,,0.0,0.9844272290890441,16:20:44.553185
438,0.0012029315713061317,0,0.0,0.0,800000,0,2020-08-05,48,52,0.0,,0.0,0.9838454804286177,16:20:44.553185
439,0.0,0,0.0,0.0,1600000,0,2020-08-05,50,47,1.0,,2.0,0.9826425488573116,16:20:44.553185
440,0.0015585213951403443,0,0.0002655904345096882,0.0007337616998221996,200000,1,2020-08-05,66,30,0.0,,4.0,1.0143809708598686,16:50:48.897976
441,0.001292930960630656,0,0.0,0.0004681712653125114,400000,1,2020-08-05,57,36,5.0,,2.0,1.0141153804253589,16:50:48.897976
442,0.0008247596953181446,0,0.0,0.0,800000,1,2020-08-05,54,41,4.0,,1.0,1.0136472091600464,16:50:48.897976
443,0.0,0,0.0,0.0,1600000,1,2020-08-05,50,43,4.0,,3.0,1.0128224494647282,16:50:48.897976
444,0.002125423003998428,0,0.0002847110132825348,0.0008627406385942615,200000,0,2020-08-05,39,61,,,,0.9845629910260135,16:50:52.727012
445,0.001840711990715893,0,0.0,0.0005780296253117267,400000,0,2020-08-05,47,53,,,,0.984278280012731,16:50:52.727012
446,0.0012626823654041663,0,0.0,0.0,800000,0,2020-08-05,51,49,,,,0.9837002503874193,16:50:52.727012
447,0.0,0,0.0,0.0,1600000,0,2020-08-05,53,47,,,,0.9824375680220151,16:50:52.727012
448,0.0018141111915652708,0,0.00031716878357790357,0.0008715484792634065,200000,1,2020-08-05,77,23,0.0,,0.0,1.0155366133475867,17:20:57.855373
449,0.0014969424079873672,0,0.0,0.0005543796956855029,400000,1,2020-08-05,65,34,0.0,,1.0,1.0152194445640088,17:20:57.855373
450,0.0009425627123018643,0,0.0,0.0,800000,1,2020-08-05,58,39,2.0,,1.0,1.0146650648683233,17:20:57.855373
451,0.0,0,0.0,0.0,1600000,1,2020-08-05,53,41,4.0,,2.0,1.0137225021560214,17:20:57.855373
452,0.00234591705189946,0,0.00033075970831963897,0.000974051714724089,200000,0,2020-08-05,31,69,,,0.0,0.9834607281064087,17:21:02.172854
453,0.002015157343579821,0,0.0,0.0006432920064044501,400000,0,2020-08-05,43,57,,,0.0,0.9831299683980891,17:21:02.172854
454,0.0013718653371753708,0,0.0,0.0,800000,0,2020-08-05,49,50,,,1.0,0.9824866763916846,17:21:02.172854
455,0.0,0,0.0,0.0,1600000,0,2020-08-05,52,47,,,1.0,0.9811148110545093,17:21:02.172854
456,0.001798723733001939,0,0.0002911375259477822,0.000845968732291924,200000,1,2020-08-05,55,45,0.0,,0.0,1.0156933973969262,17:51:06.495505
457,0.0015075862070541568,0,0.0,0.0005548312063441418,400000,1,2020-08-05,54,46,0.0,,0.0,1.0154022598709784,17:51:06.495505
458,0.000952755000710015,0,0.0,0.0,800000,1,2020-08-05,53,46,0.0,,1.0,1.0148474286646343,17:51:06.495505
459,0.0,0,0.0,0.0,1600000,1,2020-08-05,50,44,4.0,,2.0,1.0138946736639243,17:51:06.495505
460,0.0023219555029238004,0,0.00030472178396168115,0.0009370101765118211,200000,0,2020-08-05,54,46,,,0.0,0.9831753565227191,17:51:12.674486
461,0.0020172337189621192,0,0.0,0.0006322883925501399,400000,0,2020-08-05,55,45,,,0.0,0.9828706347387575,17:51:12.674486
462,0.0013849453264119793,0,0.0,0.0,800000,0,2020-08-05,54,44,,,2.0,0.9822383463462073,17:51:12.674486
463,0.0,0,0.0,0.0,1600000,0,2020-08-05,55,44,,,1.0,0.9808534010197953,17:51:12.674486
464,0.0018036824738028034,0,0.0002965644094685693,0.0008493733577059626,200000,1,2020-08-05,66,34,0.0,,0.0,1.0155781914212747,18:21:17.977192
465,0.0015071180643342341,0,0.0,0.0005528089482373932,400000,1,2020-08-05,60,40,0.0,,0.0,1.0152816270118061,18:21:17.977192
466,0.0009543091160968409,0,0.0,0.0,800000,1,2020-08-05,56,42,1.0,,1.0,1.0147288180635687,18:21:17.977192
467,0.0,0,0.0,0.0,1600000,1,2020-08-05,52,43,5.0,,0.0,1.013774508947472,18:21:17.977192
468,0.002280574245192346,0,0.00030989289958138766,0.0009353845954769291,200000,0,2020-08-05,42,58,,,0.0,0.9833271139150391,18:21:23.001974
469,0.0019706813456109584,0,0.0,0.0006254916958955414,400000,0,2020-08-05,49,51,,,0.0,0.9830172210154577,18:21:23.001974
470,0.001345189649715417,0,0.0,0.0,800000,0,2020-08-05,51,47,,,2.0,0.9823917293195622,18:21:23.001974
471,0.0,0,0.0,0.0,1600000,0,2020-08-05,53,45,,,2.0,0.9810465396698468,18:21:23.001974
472,0.0018440918470747913,0,0.0003107537978328523,0.0008773793504448513,200000,1,2020-08-05,37,63,0.0,,0.0,1.0157486614281546,18:51:27.396050
473,0.001533338049241939,0,0.0,0.000566625552611999,400000,1,2020-08-05,45,55,0.0,,0.0,1.0154379076303217,18:51:27.396050
474,0.0009667124966299401,0,0.0,0.0,800000,1,2020-08-05,49,51,0.0,,0.0,1.0148712820777097,18:51:27.396050
475,0.0,0,0.0,0.0,1600000,1,2020-08-05,48,47,4.0,,1.0,1.0139045695810798,18:51:27.396050
476,0.002320217069777142,0,0.000321379451014292,0.0009487837109416475,200000,0,2020-08-05,72,28,,,0.0,0.9831942874748513,18:51:32.065421
477,0.00199883761876285,0,0.0,0.0006274042599273555,400000,0,2020-08-05,63,36,,,1.0,0.982872908023837,18:51:32.065421
478,0.0013714333588354943,0,0.0,0.0,800000,0,2020-08-05,57,39,,,4.0,0.9822455037639096,18:51:32.065421
479,0.0,0,0.0,0.0,1600000,0,2020-08-05,57,41,,,2.0,0.9808740704050741,18:51:32.065421
480,0.0018444308697318501,0,0.0003021015704338659,0.0008678700203701428,200000,1,2020-08-05,43,57,0.0,,0.0,1.0158099520266062,19:21:37.154332
481,0.0015423292992979842,0,0.0,0.000565768449936277,400000,1,2020-08-05,49,51,0.0,,0.0,1.0155078504561723,19:21:37.154332
482,0.0009765608493617073,0,0.0,0.0,800000,1,2020-08-05,51,49,0.0,,0.0,1.014942082006236,19:21:37.154332
483,0.0,0,0.0,0.0,1600000,1,2020-08-05,50,46,3.0,,1.0,1.0139655211568743,19:21:37.154332
484,0.002412239801629412,0,0.00033271405733314996,0.0009745925571332803,200000,0,2020-08-05,64,33,,3.0,0.0,0.9831387147416104,19:21:40.906250
485,0.0020795257442962622,0,0.0,0.0006418784998001303,400000,0,2020-08-05,59,39,,2.0,0.0,0.9828060006842773,19:21:40.906250
486,0.001437647244496132,0,0.0,0.0,800000,0,2020-08-05,57,41,,1.0,1.0,0.9821641221844771,19:21:40.906250
487,0.0,0,0.0,0.0,1600000,0,2020-08-05,56,43,,1.0,0.0,0.980726474939981,19:21:40.906250
488,0.0018226339296965044,0,0.000313537050341095,0.0008770510621605165,200000,1,2020-08-05,34,66,0.0,,0.0,1.0155833789794306,19:51:44.573207
489,0.0015090968793554094,0,0.0,0.0005635140118194215,400000,1,2020-08-05,44,56,0.0,,0.0,1.0152698419290895,19:51:44.573207
490,0.0009455828675359879,0,0.0,0.0,800000,1,2020-08-05,47,51,2.0,,0.0,1.0147063279172701,19:51:44.573207
491,0.0,0,0.0,0.0,1600000,1,2020-08-05,47,46,5.0,,2.0,1.0137607450497341,19:51:44.573207
492,0.002315614180396941,0,0.0003268676241976465,0.0009557727733346955,200000,0,2020-08-05,74,26,,,0.0,0.9833787513217052,19:51:49.812272
493,0.0019887465561992945,0,0.0,0.000628905149137049,400000,0,2020-08-05,64,36,,,0.0,0.9830518836975075,19:51:49.812272
494,0.0013598414070622455,0,0.0,0.0,800000,0,2020-08-05,58,39,,,3.0,0.9824229785483705,19:51:49.812272
495,0.0,0,0.0,0.0,1600000,0,2020-08-05,57,41,,,2.0,0.9810631371413082,19:51:49.812272
496,0.0017520862565763018,0,0.00028709118390257693,0.0008261797041386743,200000,1,2020-08-05,49,51,0.0,,0.0,1.015373201272662,20:21:53.704563
497,0.0014649950726737249,0,0.0,0.0005390885202360973,400000,1,2020-08-05,51,49,0.0,,0.0,1.0150861100887594,20:21:53.704563
498,0.0009259065524376275,0,0.0,0.0,800000,1,2020-08-05,49,46,5.0,,0.0,1.0145470215685233,20:21:53.704563
499,0.0,0,0.0,0.0,1600000,1,2020-08-05,48,45,5.0,,2.0,1.0136211150160856,20:21:53.704563
500,0.0022549819150071704,0,0.0003005962830422426,0.00092166149698103,200000,0,2020-08-05,59,41,,,0.0,0.9835027542657754,20:21:59.478146
501,0.0019543856319649278,0,0.0,0.0006210652139387873,400000,0,2020-08-05,57,43,,,0.0,0.9832021579827331,20:21:59.478146
502,0.0013333204180261404,0,0.0,0.0,800000,0,2020-08-05,55,44,,,1.0,0.9825810927687944,20:21:59.478146
503,0.0,0,0.0,0.0,1600000,0,2020-08-05,55,43,,,2.0,0.9812477723507682,20:21:59.478146
504,0.0015182391940955497,0,0.00022767955293123698,0.000675716215651434,200000,1,2020-08-05,66,16,14.0,,4.0,1.0139149357713455,20:52:04.071784
505,0.0012905596411643128,0,0.0,0.00044803666272019704,400000,1,2020-08-05,55,27,11.0,,7.0,1.0136872562184143,20:52:04.071784
506,0.0008425229784441157,0,0.0,0.0,800000,1,2020-08-05,52,37,6.0,,5.0,1.013239219555694,20:52:04.071784
507,0.0,0,0.0,0.0,1600000,1,2020-08-05,50,42,5.0,,3.0,1.01239669657725,20:52:04.071784
508,0.0020578237079866835,0,0.0002884213582982076,0.0008488207553369875,200000,0,2020-08-05,30,70,,,,0.9851358903231833,20:52:09.237570
509,0.0017694023496884759,0,0.0,0.0005603993970387799,400000,0,2020-08-05,42,58,,,,0.9848474689648851,20:52:09.237570
510,0.001209002952649696,0,0.0,0.0,800000,0,2020-08-05,48,52,,,,0.9842870695678463,20:52:09.237570
511,0.0,0,0.0,0.0,1600000,0,2020-08-05,51,49,,,,0.9830780666151966,20:52:09.237570
512,0.0016198050075943993,0,0.00029828502564877013,0.0007797833002181065,200000,1,2020-08-05,76,0,22.0,,2.0,1.013943045820068,21:22:13.702958
513,0.0013215199819456291,0,0.0,0.00048149827456933636,400000,1,2020-08-05,67,21,11.0,,1.0,1.0136447607944192,21:22:13.702958
514,0.0008400217073762928,0,0.0,0.0,800000,1,2020-08-05,57,33,6.0,,4.0,1.01316326251985,21:22:13.702958
515,0.0,0,0.0,0.0,1600000,1,2020-08-05,53,40,5.0,,2.0,1.0123232408124736,21:22:13.702958
516,0.0021386286577502744,0,0.00034389748842700296,0.0009277799004021592,200000,0,2020-08-05,11,89,,,,0.9853471069073935,21:22:18.553367
517,0.0017947311693232715,0,0.0,0.0005838824119751562,400000,0,2020-08-05,32,68,,,,0.9850032094189665,21:22:18.553367
518,0.0012108487573481153,0,0.0,0.0,800000,0,2020-08-05,43,57,,,,0.9844193270069913,21:22:18.553367
519,0.0,0,0.0,0.0,1600000,0,2020-08-05,49,51,,,,0.9832084782496432,21:22:18.553367
520,0.001530642064122567,0,0.00024134704486922232,0.0006975486865647973,200000,1,2020-08-05,72,13,13.0,,2.0,1.0139285856803326,21:52:23.311575
521,0.0012892950192533448,0,0.0,0.000456201641695575,400000,1,2020-08-05,59,28,11.0,,2.0,1.0136872386354634,21:52:23.311575
522,0.0008330933775577698,0,0.0,0.0,800000,1,2020-08-05,54,36,6.0,,4.0,1.0132310369937678,21:52:23.311575
523,0.0,0,0.0,0.0,1600000,1,2020-08-05,51,42,5.0,,2.0,1.01239794361621,21:52:23.311575
524,0.002062884518810315,0,0.0002980941810379889,0.0008629749499080575,200000,0,2020-08-05,26,74,,,0.0,0.9851437552509852,21:52:26.876282
525,0.0017647903377723262,0,0.0,0.0005648807688700686,400000,0,2020-08-05,40,60,,,0.0,0.9848456610699472,21:52:26.876282
526,0.0011999095689022576,0,0.0,0.0,800000,0,2020-08-05,47,53,,,0.0,0.9842807803010771,21:52:26.876282
527,0.0,0,0.0,0.0,1600000,0,2020-08-05,50,49,,,1.0,0.9830808707321749,21:52:26.876282
528,0.0016248427003138222,0,0.00029017796925745465,0.0007658047076215535,200000,1,2020-08-05,88,0,8.0,,4.0,1.014077868251475,22:22:30.706757
529,0.0013346647310563675,0,0.0,0.00047562673836409886,400000,1,2020-08-05,66,18,11.0,,5.0,1.0137876902822176,22:22:30.706757
530,0.0008590379926922687,0,0.0,0.0,800000,1,2020-08-05,57,32,6.0,,5.0,1.0133120635438535,22:22:30.706757
531,0.0,0,0.0,0.0,1600000,1,2020-08-05,53,39,5.0,,3.0,1.0124530255511612,22:22:30.706757
532,0.002168031489767297,0,0.00035505696147053456,0.000950344236245626,200000,0,2020-08-05,10,90,,,0.0,0.9852169514546372,22:22:34.885659
533,0.0018129745282967624,0,0.0,0.0005952872747750915,400000,0,2020-08-05,32,68,,,0.0,0.9848618944931666,22:22:34.885659
534,0.001217687253521671,0,0.0,0.0,800000,0,2020-08-05,43,57,,,0.0,0.9842666072183915,22:22:34.885659
535,0.0,0,0.0,0.0,1600000,0,2020-08-05,48,51,,,1.0,0.9830489199648699,22:22:34.885659
536,0.0016949678528281886,0,0.0003355389848711532,0.0008216737179391753,200000,1,2020-08-05,17,82,0.0,,1.0,1.0147338688513412,22:52:39.946178
537,0.0013594288679570354,0,0.0,0.00048613473306802213,400000,1,2020-08-05,35,63,0.0,,2.0,1.01439832986647,22:52:39.946178
538,0.0008732941348890133,0,0.0,0.0,800000,1,2020-08-05,40,51,6.0,,3.0,1.013912195133402,22:52:39.946178
539,0.0,0,0.0,0.0,1600000,1,2020-08-05,45,48,5.0,,2.0,1.013038900998513,22:52:39.946178
540,0.0022175059664213403,0,0.00034764542458110004,0.0009597080807620673,200000,0,2020-08-05,92,8,,,0.0,0.9844565778892428,22:52:44.839917
541,0.0018698605418402403,0,0.0,0.0006120626561809672,400000,0,2020-08-05,73,27,,,0.0,0.9841089324646617,22:52:44.839917
542,0.001257797885659273,0,0.0,0.0,800000,0,2020-08-05,64,36,,,0.0,0.9834968698084807,22:52:44.839917
543,0.0,0,0.0,0.0,1600000,0,2020-08-05,59,39,,,2.0,0.9822390719228214,22:52:44.839917
544,0.0018149828690572356,0,0.00030036105144093384,0.0008595706198413211,200000,1,2020-08-05,68,32,0.0,,0.0,1.0158093147922753,23:22:49.757630
545,0.0015146218176163018,0,0.0,0.0005592095684003873,400000,1,2020-08-05,61,39,0.0,,0.0,1.0155089537408344,23:22:49.757630
546,0.0009554122492159145,0,0.0,0.0,800000,1,2020-08-05,57,42,0.0,,1.0,1.014949744172434,23:22:49.757630
547,0.0,0,0.0,0.0,1600000,1,2020-08-05,53,42,3.0,,2.0,1.013994331923218,23:22:49.757630
548,0.002297679489445148,0,0.0003134271346295625,0.0009415853515465367,200000,0,2020-08-05,42,58,,,0.0,0.9831041778989046,23:22:55.430557
549,0.0019842523548155855,0,0.0,0.0006281582169169742,400000,0,2020-08-05,49,51,,,0.0,0.982790750764275,23:22:55.430557
550,0.0013560941378986113,0,0.0,0.0,800000,0,2020-08-05,51,47,,,2.0,0.982162592547358,23:22:55.430557
551,0.0,0,0.0,0.0,1600000,0,2020-08-05,53,45,,,2.0,0.9808064984094594,23:22:55.430557
552,0.0018248263341837934,0,0.0003061271106949981,0.0008641347963573853,200000,1,2020-08-05,71,29,0.0,,0.0,1.0158099832866136,23:52:59.510607
553,0.0015186992234887953,0,0.0,0.0005580076856623872,400000,1,2020-08-05,63,37,0.0,,0.0,1.0155038561759187,23:52:59.510607
554,0.000960691537826408,0,0.0,0.0,800000,1,2020-08-05,58,41,0.0,,1.0,1.0149458484902563,23:52:59.510607
555,0.0,0,0.0,0.0,1600000,1,2020-08-05,54,42,3.0,,1.0,1.0139851569524299,23:52:59.510607
556,0.002308638210917535,0,0.0003191371184612102,0.0009472979897894307,200000,0,2020-08-05,39,61,,,0.0,0.9831265988277577,23:53:03.855265
557,0.001989501092456325,0,0.0,0.0006281608713282205,400000,0,2020-08-05,47,53,,,0.0,0.9828074617092964,23:53:03.855265
558,0.0013613402211281045,0,0.0,0.0,800000,0,2020-08-05,50,48,,,2.0,0.9821793008379682,23:53:03.855265
559,0.0,0,0.0,0.0,1600000,0,2020-08-05,53,45,,,2.0,0.9808179606168401,23:53:03.855265
560,0.0018178467022971212,0,0.0003081597167686745,0.0008674483428228186,200000,1,2020-08-06,72,28,0.0,,0.0,1.0158091055255716,00:23:08.229498
561,0.0015096869855284467,0,0.0,0.0005592886260541441,400000,1,2020-08-06,63,37,0.0,,0.0,1.015500945808803,00:23:08.229498
562,0.0009503983594743026,0,0.0,0.0,800000,1,2020-08-06,58,41,0.0,,1.0,1.0149416571827488,00:23:08.229498
563,0.0,0,0.0,0.0,1600000,1,2020-08-06,53,42,3.0,,2.0,1.0139912588232745,00:23:08.229498
564,0.0022322401650574086,0,0.0003146340880394449,0.0009014214456131153,200000,0,2020-08-06,38,62,0.0,,0.0,0.9831366746302446,00:23:13.246841
565,0.0019176060770179637,0,0.0,0.0005867873575736704,400000,0,2020-08-06,43,50,7.0,,0.0,0.9828220405422051,00:23:13.246841
566,0.0013308187194442933,0,0.0,0.0,800000,0,2020-08-06,49,46,4.0,,1.0,0.9822352531846315,00:23:13.246841
567,0.0,0,0.0,0.0,1600000,0,2020-08-06,52,44,2.0,,2.0,0.9809044344651872,00:23:13.246841
568,0.001804890262750547,0,0.0002964769021365221,0.0008525872909561638,200000,1,2020-08-06,66,34,0.0,,0.0,1.0157415505009526,00:53:17.776567
569,0.0015084133606140249,0,0.0,0.0005561103888196417,400000,1,2020-08-06,60,40,0.0,,0.0,1.015445073598816,00:53:17.776567
570,0.0009523029717943832,0,0.0,0.0,800000,1,2020-08-06,57,43,0.0,,0.0,1.0148889632099964,00:53:17.776567
571,0.0,0,0.0,0.0,1600000,1,2020-08-06,52,43,3.0,,2.0,1.013936660238202,00:53:17.776567
572,0.002179742544057839,0,0.0003064853311504079,0.0008854770102231235,200000,0,2020-08-06,44,56,0.0,,0.0,0.9831603916437819,00:53:22.073413
573,0.001873257212907431,0,0.0,0.0005789916790727156,400000,0,2020-08-06,46,47,7.0,,0.0,0.9828539063126315,00:53:22.073413
574,0.0012942655338347153,0,0.0,0.0,800000,0,2020-08-06,50,45,4.0,,1.0,0.9822749146335588,00:53:22.073413
575,0.0,0,0.0,0.0,1600000,0,2020-08-06,52,43,2.0,,3.0,0.980980649099724,00:53:22.073413
576,0.0017786588714752138,0,0.0002898321618969302,0.0008399204217459655,200000,1,2020-08-06,60,40,0.0,,0.0,1.0156056517497971,01:23:25.788025
577,0.0014888267095782837,0,0.0,0.0005500882598490353,400000,1,2020-08-06,57,43,0.0,,0.0,1.0153158195879002,01:23:25.788025
578,0.0009387384497292484,0,0.0,0.0,800000,1,2020-08-06,55,44,0.0,,1.0,1.0147657313280511,01:23:25.788025
579,0.0,0,0.0,0.0,1600000,1,2020-08-06,51,44,3.0,,2.0,1.013826992878322,01:23:25.788025
580,0.0021672681425594087,0,0.0003030749071158967,0.0008801329769200228,200000,0,2020-08-06,49,51,0.0,,0.0,0.983274205340489,01:23:30.297154
581,0.001864193235443512,0,0.0,0.0005770580698041261,400000,0,2020-08-06,52,48,0.0,,0.0,0.9829711304333731,01:23:30.297154
582,0.001287135165639386,0,0.0,0.0,800000,0,2020-08-06,51,44,4.0,,1.0,0.982394072363569,01:23:30.297154
583,0.0,0,0.0,0.0,1600000,0,2020-08-06,52,43,2.0,,3.0,0.9811069371979296,01:23:30.297154
584,0.0017644172993123153,0,0.0002902753353399845,0.0008330908320528518,200000,1,2020-08-06,61,39,0.0,,0.0,1.0156090104152764,01:53:35.123812
585,0.0014741419639723308,0,0.0,0.0005428154967128673,400000,1,2020-08-06,57,43,0.0,,0.0,1.0153187350799364,01:53:35.123812
586,0.0009313264672594634,0,0.0,0.0,800000,1,2020-08-06,54,44,0.0,,2.0,1.0147759195832236,01:53:35.123812
587,0.0,0,0.0,0.0,1600000,1,2020-08-06,51,44,3.0,,2.0,1.013844593115964,01:53:35.123812
588,0.0021896401094047002,0,0.0003034998781653586,0.0008807880457846196,200000,0,2020-08-06,49,51,0.0,,0.0,0.9832718996797147,01:53:39.526129
589,0.0018861402312393416,0,0.0,0.0005772881676192609,400000,0,2020-08-06,52,48,0.0,,0.0,0.9829683998015494,01:53:39.526129
590,0.0013088520636200807,0,0.0,0.0,800000,0,2020-08-06,51,44,4.0,,1.0,0.9823911116339301,01:53:39.526129
591,0.0,0,0.0,0.0,1600000,0,2020-08-06,53,43,2.0,,2.0,0.98108225957031,01:53:39.526129
592,0.0017956440148181319,0,0.0003012903348116325,0.0008538031831817339,200000,1,2020-08-06,68,32,0.0,,0.0,1.015722036460562,02:23:44.174985
593,0.0014943536800064994,0,0.0,0.0005525128483701014,400000,1,2020-08-06,61,39,0.0,,0.0,1.0154207461257503,02:23:44.174985
594,0.000941840831636398,0,0.0,0.0,800000,1,2020-08-06,57,41,0.0,,2.0,1.0148682332773802,02:23:44.174985
595,0.0,0,0.0,0.0,1600000,1,2020-08-06,53,42,3.0,,2.0,1.0139263924457438,02:23:44.174985
596,0.0022149392544698054,0,0.0003127927277196685,0.0008947958679044188,200000,0,2020-08-06,41,59,0.0,,0.0,0.9831948452390461,02:23:47.660011
597,0.001902146526750137,0,0.0,0.0005820031401847503,400000,0,2020-08-06,45,50,5.0,,0.0,0.9828820525113264,02:23:47.660011
598,0.0013201433865653867,0,0.0,0.0,800000,0,2020-08-06,49,46,4.0,,1.0,0.9823000493711417,02:23:47.660011
599,0.0,0,0.0,0.0,1600000,0,2020-08-06,52,44,2.0,,2.0,0.9809799059845763,02:23:47.660011
600,0.0017562539299236235,0,0.00029881458158942387,0.000838486030161123,200000,1,2020-08-06,39,61,0.0,,0.0,1.0154841320343233,02:53:52.767920
601,0.0014574393483341996,0,0.0,0.0005396714485716991,400000,1,2020-08-06,47,53,0.0,,0.0,1.0151853174527339,02:53:52.767920
602,0.0009177678997625005,0,0.0,0.0,800000,1,2020-08-06,48,48,2.0,,2.0,1.0146456460041622,02:53:52.767920
603,0.0,0,0.0,0.0,1600000,1,2020-08-06,49,46,3.0,,2.0,1.0137278781043997,02:53:52.767920
604,0.0021834372227340637,0,0.0003115558247588357,0.000895342946339639,200000,0,2020-08-06,71,29,0.0,,0.0,0.9834531802234063,02:53:57.094453
605,0.001871881397975228,0,0.0,0.0005837871215808033,400000,0,2020-08-06,63,37,0.0,,0.0,0.9831416243986475,02:53:57.094453
606,0.0012880942763944248,0,0.0,0.0,800000,0,2020-08-06,57,38,4.0,,1.0,0.9825578372770667,02:53:57.094453
607,0.0,0,0.0,0.0,1600000,0,2020-08-06,56,40,2.0,,2.0,0.9812697430006723,02:53:57.094453
608,0.0018643860561122771,0,0.00033880201714153735,0.0009060828430482726,200000,1,2020-08-06,24,76,0.0,,,1.0155614660339038,03:24:01.404457
609,0.0015255840389707398,0,0.0,0.0005672808259067352,400000,1,2020-08-06,39,61,0.0,,,1.0152226640167623,03:24:01.404457
610,0.0009583032130640046,0,0.0,0.0,800000,1,2020-08-06,44,52,4.0,,,1.0146553831908556,03:24:01.404457
611,0.0,0,0.0,0.0,1600000,1,2020-08-06,48,49,3.0,,,1.0136970799777916,03:24:01.404457
612,0.002268865309415613,0,0.0003433604127733858,0.0009389204301567533,200000,0,2020-08-06,84,13,0.0,,3.0,0.9835390544761426,03:24:06.171785
613,0.0019255048966422272,0,0.0,0.0005955600173833675,400000,0,2020-08-06,69,28,0.0,,3.0,0.9831956940633693,03:24:06.171785
614,0.0013299448792588597,0,0.0,0.0,800000,0,2020-08-06,59,35,4.0,,2.0,0.9826001340459859,03:24:06.171785
615,0.0,0,0.0,0.0,1600000,0,2020-08-06,58,39,2.0,,1.0,0.981270189166727,03:24:06.171785
616,0.0018855350597393183,0,0.0003420968636356214,0.0009022644913410094,200000,1,2020-08-06,21,79,0.0,,0.0,1.0153354871160924,03:54:10.665128
617,0.001543438196103697,0,0.0,0.000560167627705388,400000,1,2020-08-06,38,62,0.0,,0.0,1.0149933902524568,03:54:10.665128
618,0.000983270568398309,0,0.0,0.0,800000,1,2020-08-06,45,54,1.0,,0.0,1.0144332226247514,03:54:10.665128
619,0.0,0,0.0,0.0,1600000,1,2020-08-06,48,50,1.0,,1.0,1.0134499520563531,03:54:10.665128
620,0.0021790028018821017,0,0.0003490864598023613,0.0009258342579935297,200000,0,2020-08-06,87,11,0.0,,2.0,0.9838069924027443,03:54:15.856010
621,0.0018299163420797404,0,0.0,0.0005767477981911684,400000,0,2020-08-06,70,28,0.0,,2.0,0.9834579059429419,03:54:15.856010
622,0.001253168543888572,0,0.0,0.0,800000,0,2020-08-06,58,33,4.0,,5.0,0.9828811581447507,03:54:15.856010
623,0.0,0,0.0,0.0,1600000,0,2020-08-06,57,38,2.0,,3.0,0.9816279896008622,03:54:15.856010
624,0.0023033277544632913,0,0.0005546175469286485,0.0012461939973706926,200000,1,2020-08-06,0,100,,,0.0,1.0162090324260509,09:48:06.451559
625,0.0017487102075346428,0,0.0,0.0006915764504420441,400000,1,2020-08-06,19,81,,,0.0,1.0156544148791222,09:48:06.451559
626,0.0010571337570925987,0,0.0,0.0,800000,1,2020-08-06,37,63,,,0.0,1.0149628384286802,09:48:06.451559
627,0.0,0,0.0,0.0,1600000,1,2020-08-06,44,55,,,1.0,1.0139057046715876,09:48:06.451559
628,0.002542788462301493,0,0.0005066668440538713,0.0012032182959925697,200000,0,2020-08-06,100,0,0.0,0.0,0.0,0.9837496396539689,09:48:12.772389
629,0.0020361216182476216,0,0.0,0.0006965514519386984,400000,0,2020-08-06,91,9,0.0,0.0,0.0,0.983242972809915,09:48:12.772389
630,0.0013395701663089232,0,0.0,0.0,800000,0,2020-08-06,69,24,6.0,0.0,1.0,0.9825464213579763,09:48:12.772389
631,0.0,0,0.0,0.0,1600000,0,2020-08-06,61,33,3.0,1.0,2.0,0.9812068511916674,09:48:12.772389
632,0.0018988656160920936,0,0.00035313012520377107,0.0009192739018644147,200000,1,2020-08-06,18,82,,,0.0,1.0154822185881667,10:18:16.727629
633,0.0015457354908883225,0,0.0,0.0005661437766606436,400000,1,2020-08-06,36,64,,,0.0,1.015129088462963,10:18:16.727629
634,0.0009795917142276789,0,0.0,0.0,800000,1,2020-08-06,45,55,,,0.0,1.0145629446863023,10:18:16.727629
635,0.0,0,0.0,0.0,1600000,1,2020-08-06,48,51,,,1.0,1.0135833529720746,10:18:16.727629
636,0.0022173265968897793,0,0.0003748507690179981,0.0009636502038468109,200000,0,2020-08-06,91,7,0.0,2.0,0.0,0.9837451022994879,10:18:21.191402
637,0.0018424758278717812,0,0.0,0.0005887994348288128,400000,0,2020-08-06,73,26,0.0,1.0,0.0,0.9833702515304699,10:18:21.191402
638,0.0012536763930429684,0,0.0,0.0,800000,0,2020-08-06,60,31,6.0,1.0,2.0,0.982781452095641,10:18:21.191402
639,0.0,0,0.0,0.0,1600000,0,2020-08-06,58,37,3.0,1.0,1.0,0.9815277757025981,10:18:21.191402
640,0.0018009938189063046,0,0.00028083699952619057,0.0008173861927869286,200000,1,2020-08-06,53,47,,,,1.0155549426592698,10:48:26.590952
641,0.001520156819380114,0,0.0,0.000536549193260738,400000,1,2020-08-06,54,46,,,,1.0152741056597436,10:48:26.590952
642,0.000983607626119376,0,0.0,0.0,800000,1,2020-08-06,54,46,,,,1.014737556466483,10:48:26.590952
643,0.0,0,0.0,0.0,1600000,1,2020-08-06,53,47,,,,1.0137539488403635,10:48:26.590952
644,0.0021038557482667697,0,0.00028994596765663516,0.0008277665278162427,200000,0,2020-08-06,57,43,0.0,,0.0,0.983331748533706,10:48:30.743785
645,0.0018139097806101345,0,0.0,0.0005378205601596076,400000,0,2020-08-06,55,44,0.0,,1.0,0.9830418025660493,10:48:30.743785
646,0.001276089220450527,0,0.0,0.0,800000,0,2020-08-06,51,40,6.0,,3.0,0.9825039820058897,10:48:30.743785
647,0.0,0,0.0,0.0,1600000,0,2020-08-06,54,42,3.0,,1.0,0.9812278927854392,10:48:30.743785
648,0.0017955542590293305,0,0.00028151841296342184,0.0008166313433439765,200000,1,2020-08-06,48,52,,,0.0,1.0154848247718975,11:18:35.222459
649,0.0015140358460659087,0,0.0,0.0005351129303805546,400000,1,2020-08-06,51,49,,,0.0,1.015203306358934,11:18:35.222459
650,0.000978922915685354,0,0.0,0.0,800000,1,2020-08-06,52,48,,,0.0,1.0146681934285535,11:18:35.222459
651,0.0,0,0.0,0.0,1600000,1,2020-08-06,52,47,,,1.0,1.0136892705128682,11:18:35.222459
652,0.0021021012021725793,0,0.0002938409352931659,0.0008402643544991317,200000,0,2020-08-06,61,39,0.0,,0.0,0.9834103600767883,11:18:39.823227
653,0.0018082602668794134,0,0.0,0.0005464234192059658,400000,0,2020-08-06,58,42,0.0,,0.0,0.9831165191414951,11:18:39.823227
654,0.0012618368476734476,0,0.0,0.0,800000,0,2020-08-06,52,39,6.0,,3.0,0.9825700957222891,11:18:39.823227
655,0.0,0,0.0,0.0,1600000,0,2020-08-06,54,42,3.0,,1.0,0.9813082588746157,11:18:39.823227
656,0.0017847338558796277,0,0.0002807374955200448,0.0008062962800632345,200000,1,2020-08-06,49,51,,,0.0,1.015473606642118,11:48:46.796666
657,0.001503996360359583,0,0.0,0.0005255587845431897,400000,1,2020-08-06,52,48,,,0.0,1.015192869146598,11:48:46.796666
658,0.0009784375758163932,0,0.0,0.0,800000,1,2020-08-06,52,48,,,0.0,1.0146673103620547,11:48:46.796666
659,0.0,0,0.0,0.0,1600000,1,2020-08-06,52,47,,,1.0,1.0136888727862383,11:48:46.796666
660,0.0020656897159379017,0,0.000290370764051473,0.0008246036133324752,200000,0,2020-08-06,61,39,0.0,,0.0,0.98341130833996,11:48:51.823576
661,0.0017753189518864287,0,0.0,0.0005342328492810022,400000,0,2020-08-06,57,41,0.0,,2.0,0.9831209375759086,11:48:51.823576
662,0.0012410861026054265,0,0.0,0.0,800000,0,2020-08-06,51,38,6.0,,5.0,0.9825867047266276,11:48:51.823576
663,0.0,0,0.0,0.0,1600000,0,2020-08-06,54,41,3.0,,2.0,0.9813456186240221,11:48:51.823576
664,0.001791824172720169,0,0.0002807314930854954,0.0008150960096886539,200000,1,2020-08-06,49,51,,,0.0,1.015473528406328,12:18:57.634272
665,0.0015110926796346735,0,0.0,0.0005343645166031585,400000,1,2020-08-06,52,48,,,0.0,1.0151927969132426,12:18:57.634272
666,0.000976728163031515,0,0.0,0.0,800000,1,2020-08-06,53,47,,,0.0,1.0146584323966394,12:18:57.634272
667,0.0,0,0.0,0.0,1600000,1,2020-08-06,52,47,,,1.0,1.013681704233608,12:18:57.634272
668,0.0020778253383257894,0,0.00029646210310241283,0.0008350045175576915,200000,0,2020-08-06,59,39,0.0,2.0,0.0,0.983442591607499,12:19:03.722750
669,0.0017813632352233766,0,0.0,0.0005385424144552786,400000,0,2020-08-06,57,41,0.0,1.0,1.0,0.9831461295043966,12:19:03.722750
670,0.001242820820768098,0,0.0,0.0,800000,0,2020-08-06,51,39,6.0,1.0,3.0,0.9826075870899413,12:19:03.722750
671,0.0,0,0.0,0.0,1600000,0,2020-08-06,50,44,3.0,1.0,2.0,0.9813647662691732,12:19:03.722750
672,0.001932132749351112,0,0.0003395072466818583,0.000916154415514514,200000,1,2020-08-06,84,16,,,0.0,1.0159598057142574,12:49:08.475447
673,0.0015926255026692537,0,0.0,0.0005766471688326558,400000,1,2020-08-06,69,31,,,0.0,1.0156202984675755,12:49:08.475447
674,0.001015978333836598,0,0.0,0.0,800000,1,2020-08-06,61,39,,,0.0,1.0150436512987429,12:49:08.475447
675,0.0,0,0.0,0.0,1600000,1,2020-08-06,57,42,,,1.0,1.0140276729649063,12:49:08.475447
676,0.0021983049669237475,0,0.0003341455309231467,0.0008979690187703726,200000,0,2020-08-06,25,75,0.0,0.0,0.0,0.9831230125912671,12:49:12.427011
677,0.0018641594360006009,0,0.0,0.0005638234878472259,400000,0,2020-08-06,34,54,11.0,0.0,1.0,0.982788867060344,12:49:12.427011
678,0.001300335948153375,0,0.0,0.0,800000,0,2020-08-06,42,48,6.0,1.0,3.0,0.9822250435724967,12:49:12.427011
679,0.0,0,0.0,0.0,1600000,0,2020-08-06,49,45,3.0,1.0,2.0,0.9809247076243434,12:49:12.427011
680,0.0018856611326867334,0,0.0003179489496574206,0.000882043941073718,200000,1,2020-08-06,77,23,,,0.0,1.0158615634911632,13:19:20.199415
681,0.0015677121830293128,0,0.0,0.0005640949914162974,400000,1,2020-08-06,66,34,,,0.0,1.0155436145415058,13:19:20.199415
682,0.0010036171916130154,0,0.0,0.0,800000,1,2020-08-06,60,40,,,0.0,1.0149795195500895,13:19:20.199415
683,0.0,0,0.0,0.0,1600000,1,2020-08-06,56,43,,,1.0,1.0139759023584765,13:19:20.199415
684,0.002220667742909299,0,0.00032179468026405367,0.000893033915242758,200000,0,2020-08-06,32,68,0.0,,0.0,0.9831408485178627,13:19:23.492518
685,0.0018988730626452455,0,0.0,0.0005712392349787043,400000,0,2020-08-06,38,52,10.0,,0.0,0.9828190538375986,13:19:23.492518
686,0.0013276338276665411,0,0.0,0.0,800000,0,2020-08-06,46,47,5.0,,2.0,0.9822478146026199,13:19:23.492518
687,0.0,0,0.0,0.0,1600000,0,2020-08-06,51,45,3.0,,1.0,0.9809201807749534,13:19:23.492518
688,0.0018426753225551096,0,0.00030277499437025845,0.0008560344513217633,200000,1,2020-08-06,72,28,,,0.0,1.015735905549856,13:49:29.644470
689,0.0015399003281848511,0,0.0,0.0005532594569515048,400000,1,2020-08-06,63,37,,,0.0,1.0154331305554858,13:49:29.644470
690,0.0009866408712333463,0,0.0,0.0,800000,1,2020-08-06,58,42,,,0.0,1.0148798710985343,13:49:29.644470
691,0.0,0,0.0,0.0,1600000,1,2020-08-06,54,44,,,2.0,1.013893230227301,13:49:29.644470
692,0.0021590176655345017,0,0.0003143783338189765,0.0008743937794540857,200000,0,2020-08-06,37,63,0.0,,0.0,0.9832175124784551,13:49:33.396784
693,0.0018446393317155252,0,0.0,0.0005600154456351092,400000,0,2020-08-06,44,53,3.0,,0.0,0.9829031341446361,13:49:33.396784
694,0.001284623886080416,0,0.0,0.0,800000,0,2020-08-06,47,46,5.0,,2.0,0.982343118699001,13:49:33.396784
695,0.0,0,0.0,0.0,1600000,0,2020-08-06,51,44,3.0,,2.0,0.9810584948129206,13:49:33.396784
696,0.0015900759415141685,0,0.0002703655857301257,0.00073279066614651,200000,1,2020-08-06,47,42,,,11.0,1.0139305333593596,14:19:37.766796
697,0.0013197103557840428,0,0.0,0.0004624250804163843,400000,1,2020-08-06,50,44,,,6.0,1.0136601677736294,14:19:37.766796
698,0.0008572852753676585,0,0.0,0.0,800000,1,2020-08-06,50,45,,,5.0,1.013197742693213,14:19:37.766796
699,0.0,0,0.0,0.0,1600000,1,2020-08-06,50,47,,,3.0,1.0123404574178454,14:19:37.766796
700,0.001919148383815017,0,0.00025424238141813493,0.0007857809882658717,200000,0,2020-08-06,55,45,0.0,,,0.9850847054630837,14:19:41.252937
701,0.001664906002396882,0,0.0,0.0005315386068477368,400000,0,2020-08-06,54,46,0.0,,,0.9848304630816656,14:19:41.252937
702,0.0011333673955491452,0,0.0,0.0,800000,0,2020-08-06,54,46,0.0,,,0.9842989244748178,14:19:41.252937
703,0.0,0,0.0,0.0,1600000,0,2020-08-06,54,44,2.0,,,0.9831655570792687,14:19:41.252937
704,0.001614018949527285,0,0.0002620849629053623,0.0007423985079870743,200000,1,2020-08-06,55,24,,,21.0,1.0140551864768823,14:49:46.832260
705,0.0013519339866219227,0,0.0,0.000480313545081712,400000,1,2020-08-06,54,36,,,10.0,1.013793101513977,14:49:46.832260
706,0.0008716204415402107,0,0.0,0.0,800000,1,2020-08-06,54,41,,,5.0,1.0133127879688952,14:49:46.832260
707,0.0,0,0.0,0.0,1600000,1,2020-08-06,52,45,,,3.0,1.012441167527355,14:49:46.832260
708,0.0019415563835997185,0,0.000263718850078698,0.0008024314872737692,200000,0,2020-08-06,41,59,0.0,,0.0,0.9850001090508931,14:49:51.907845
709,0.0016778375335210205,0,0.0,0.0005387126371950712,400000,0,2020-08-06,48,52,0.0,,0.0,0.9847363902008144,14:49:51.907845
710,0.0011391248963259493,0,0.0,0.0,800000,0,2020-08-06,51,49,0.0,,0.0,0.9841976775636193,14:49:51.907845
711,0.0,0,0.0,0.0,1600000,0,2020-08-06,52,45,2.0,,1.0,0.9830585526672934,14:49:51.907845
712,0.001628045557542146,0,0.0002751928197739506,0.0007604189500998171,200000,1,2020-08-06,47,31,,1.0,21.0,1.0139824185686275,15:19:56.498033
713,0.0013528527377681954,0,0.0,0.0004852261303258665,400000,1,2020-08-06,50,39,,1.0,10.0,1.0137072257488535,15:19:56.498033
714,0.0008676266074423289,0,0.0,0.0,800000,1,2020-08-06,51,43,,1.0,5.0,1.0132219996185277,15:19:56.498033
715,0.0,0,0.0,0.0,1600000,1,2020-08-06,51,46,,0.0,3.0,1.0123543730110853,15:19:56.498033
716,0.001913885204417043,0,0.00025448804350736154,0.0007845087367530645,200000,0,2020-08-06,49,51,0.0,,,0.9850929861659241,15:20:01.605034
717,0.0016593971609096814,0,0.0,0.000530020693245703,400000,0,2020-08-06,52,48,0.0,,,0.9848384981224168,15:20:01.605034
718,0.0011293764676639784,0,0.0,0.0,800000,0,2020-08-06,53,47,0.0,,,0.984308477429171,15:20:01.605034
719,0.0,0,0.0,0.0,1600000,0,2020-08-06,53,45,2.0,,,0.9831791009615071,15:20:01.605034
720,0.001532516500962089,0,0.0002622269257031018,0.0007056706522319267,200000,1,2020-08-06,30,66,,,4.0,1.0136529929307023,15:50:06.756013
721,0.0012702895752589871,0,0.0,0.0004434437265288249,400000,1,2020-08-06,39,55,,,6.0,1.0133907660049992,15:50:06.756013
722,0.0008268458487301622,0,0.0,0.0,800000,1,2020-08-06,45,50,,,5.0,1.0129473222784704,15:50:06.756013
723,0.0,0,0.0,0.0,1600000,1,2020-08-06,48,49,,,3.0,1.0121204764297402,15:50:06.756013
724,0.0019138366483139047,0,0.0002691146241780018,0.0007953251431667141,200000,0,2020-08-06,76,24,0.0,,,0.9853945244477252,15:50:12.142865
725,0.0016447220241359028,0,0.0,0.0005262105189887123,400000,0,2020-08-06,65,35,0.0,,,0.9851254098235472,15:50:12.142865
726,0.0011185115051471906,0,0.0,0.0,800000,0,2020-08-06,60,40,0.0,,,0.9845991993045585,15:50:12.142865
727,0.0,0,0.0,0.0,1600000,0,2020-08-06,57,41,2.0,,,0.9834806877994113,15:50:12.142865
728,0.0016797070012180004,0,0.00026173297599352274,0.000756471328645647,200000,1,2020-08-06,45,54,,,1.0,1.014710674563007,16:20:16.921404
729,0.0014179740252244777,0,0.0,0.0004947383526521243,400000,1,2020-08-06,49,49,,,2.0,1.0144489415870135,16:20:16.921404
730,0.0009232356725723534,0,0.0,0.0,800000,1,2020-08-06,51,48,,,1.0,1.0139542032343614,16:20:16.921404
731,0.0,0,0.0,0.0,1600000,1,2020-08-06,52,47,,,1.0,1.013030967561789,16:20:16.921404
732,0.0020488652882512115,0,0.00027538366814572335,0.0008431262689435615,200000,0,2020-08-06,63,37,0.0,,,0.9842116231178125,16:20:21.122284
733,0.0017734816201054882,0,0.0,0.0005677426007978381,400000,0,2020-08-06,59,41,0.0,,,0.9839362394496668,16:20:21.122284
734,0.00120573901930765,0,0.0,0.0,800000,0,2020-08-06,55,42,3.0,,,0.983368496848869,16:20:21.122284
735,0.0,0,0.0,0.0,1600000,0,2020-08-06,56,42,2.0,,,0.9821627578295613,16:20:21.122284
736,0.0016575927147166603,0,0.00025508597696166646,0.0007342119932061131,200000,1,2020-08-06,39,52,,,9.0,1.0147840528362118,16:50:26.965327
737,0.0014025067377549938,0,0.0,0.0004791260162444466,400000,1,2020-08-06,44,47,,,9.0,1.01452896685925,16:50:26.965327
738,0.0009233807215105472,0,0.0,0.0,800000,1,2020-08-06,49,46,,,5.0,1.0140498408430056,16:50:26.965327
739,0.0,0,0.0,0.0,1600000,1,2020-08-06,50,47,,,3.0,1.013126460121495,16:50:26.965327
740,0.002060408370072375,0,0.0002785869533603602,0.0008481917521582227,200000,0,2020-08-06,65,35,0.0,,,0.9841721175595047,16:50:31.381964
741,0.001781821416712015,0,0.0,0.0005696047987978625,400000,0,2020-08-06,60,40,0.0,,,0.9838935306061444,16:50:31.381964
742,0.0012122166179141525,0,0.0,0.0,800000,0,2020-08-06,56,41,3.0,,,0.9833239258073465,16:50:31.381964
743,0.0,0,0.0,0.0,1600000,0,2020-08-06,56,42,2.0,,,0.9821117091894324,16:50:31.381964
744,0.0016609765148487554,0,0.00026951842845068796,0.0007644582039607606,200000,1,2020-08-06,42,57,,,1.0,1.0147417339280984,17:20:34.930107
745,0.0013914580863980675,0,0.0,0.0004949397755100726,400000,1,2020-08-06,48,51,,,1.0,1.0144722154996477,17:20:34.930107
746,0.0008965183108879948,0,0.0,0.0,800000,1,2020-08-06,50,48,,,2.0,1.0139772757241376,17:20:34.930107
747,0.0,0,0.0,0.0,1600000,1,2020-08-06,50,47,,,3.0,1.0130807574132497,17:20:34.930107
748,0.002046195949889751,0,0.0002799962355902741,0.0008503027179826983,200000,0,2020-08-06,67,33,0.0,,0.0,0.9841929185479487,17:20:39.824143
749,0.0017661997142994768,0,0.0,0.0005703064823924242,400000,0,2020-08-06,61,39,0.0,,0.0,0.9839129223123584,17:20:39.824143
750,0.0011958932319070525,0,0.0,0.0,800000,0,2020-08-06,56,41,3.0,,0.0,0.983342615829966,17:20:39.824143
751,0.0,0,0.0,0.0,1600000,0,2020-08-06,55,41,2.0,,2.0,0.9821467225980589,17:20:39.824143
752,0.0016359296175940674,0,0.0002601580925443159,0.0007448115106443165,200000,1,2020-08-06,52,47,,,1.0,1.0147482393745049,17:50:44.728287
753,0.0013757715250497515,0,0.0,0.0004846534181000006,400000,1,2020-08-06,53,46,,,1.0,1.0144880812819606,17:50:44.728287
754,0.0008911181069497509,0,0.0,0.0,800000,1,2020-08-06,52,45,,,3.0,1.0140034278638606,17:50:44.728287
755,0.0,0,0.0,0.0,1600000,1,2020-08-06,51,46,,,3.0,1.0131123097569108,17:50:44.728287
756,0.002153479141604464,0,0.0003323344487530244,0.0009867077427839765,200000,0,2020-08-06,53,42,0.0,5.0,0.0,0.9843068587310231,17:50:49.292529
757,0.0018211446928514397,0,0.0,0.0006543732940309521,400000,0,2020-08-06,54,43,0.0,3.0,0.0,0.9839745242822701,17:50:49.292529
758,0.0011667713988204875,0,0.0,0.0,800000,0,2020-08-06,54,43,3.0,0.0,0.0,0.9833201509882391,17:50:49.292529
759,0.0,0,0.0,0.0,1600000,0,2020-08-06,54,42,2.0,1.0,1.0,0.9821533795894186,17:50:49.292529
760,0.0016306498616303067,0,0.0002594550466030743,0.0007430241232615487,200000,1,2020-08-06,53,46,,,1.0,1.0147154227894157,18:20:53.108267
761,0.0013711948150272324,0,0.0,0.00048356907665847437,400000,1,2020-08-06,53,45,,,2.0,1.0144559677428127,18:20:53.108267
762,0.000887625738368758,0,0.0,0.0,800000,1,2020-08-06,52,45,,,3.0,1.0139723986661542,18:20:53.108267
763,0.0,0,0.0,0.0,1600000,1,2020-08-06,51,46,,,3.0,1.0130847729277854,18:20:53.108267
764,0.0020304945342406455,0,0.0002719049293492537,0.0008377307211647755,200000,0,2020-08-06,55,45,0.0,,0.0,0.9841909527560845,18:20:58.158448
765,0.0017585896048913918,0,0.0,0.0005658257918155218,400000,0,2020-08-06,55,45,0.0,,0.0,0.9839190478267352,18:20:58.158448
766,0.00119276381307587,0,0.0,0.0,800000,0,2020-08-06,54,43,3.0,,0.0,0.9833532220349197,18:20:58.158448
767,0.0,0,0.0,0.0,1600000,0,2020-08-06,53,43,2.0,,2.0,0.9821604582218438,18:20:58.158448
768,0.0016637943577602066,0,0.0002642495081541796,0.0007615864438839104,200000,1,2020-08-06,52,47,,,1.0,1.014729806285799,18:51:02.341911
769,0.001399544849606027,0,0.0,0.0004973369357297308,400000,1,2020-08-06,53,46,,,1.0,1.0144655567776448,18:51:02.341911
770,0.0009022079138762962,0,0.0,0.0,800000,1,2020-08-06,53,46,,,1.0,1.013968219841915,18:51:02.341911
771,0.0,0,0.0,0.0,1600000,1,2020-08-06,52,46,,,2.0,1.0130660119280388,18:51:02.341911
772,0.002005295468113899,0,0.00027255463719777495,0.0008389229352178118,200000,0,2020-08-06,56,44,0.0,,0.0,0.9841750241615193,18:51:07.308236
773,0.001732740830916124,0,0.0,0.0005663682980200369,400000,0,2020-08-06,55,45,0.0,,0.0,0.9839024695243215,18:51:07.308236
774,0.0011663725328960872,0,0.0,0.0,800000,0,2020-08-06,54,43,3.0,,0.0,0.9833361012263014,18:51:07.308236
775,0.0,0,0.0,0.0,1600000,0,2020-08-06,53,43,2.0,,2.0,0.9821697286934054,18:51:07.308236
776,0.0015355097387028671,0,0.0002517443203751135,0.0007120607575561433,200000,1,2020-08-06,66,33,,,1.0,1.0137565331153788,19:21:12.091172
777,0.0012837654183277536,0,0.0,0.00046031643718102977,400000,1,2020-08-06,60,39,,,1.0,1.0135047887950037,19:21:12.091172
778,0.0008234489811467238,0,0.0,0.0,800000,1,2020-08-06,56,43,,,1.0,1.0130444723578227,19:21:12.091172
779,0.0,0,0.0,0.0,1600000,1,2020-08-06,52,45,,,3.0,1.012221023376676,19:21:12.091172
780,0.0018864697370718497,0,0.00025833485941351153,0.0007837964974317657,200000,0,2020-08-06,40,60,0.0,,0.0,0.9852091780737625,19:21:16.496949
781,0.0016281348776583382,0,0.0,0.0005254616380182542,400000,0,2020-08-06,47,53,0.0,,0.0,0.984950843214349,19:21:16.496949
782,0.001102673239640084,0,0.0,0.0,800000,0,2020-08-06,51,49,0.0,,0.0,0.9844253815763307,19:21:16.496949
783,0.0,0,0.0,0.0,1600000,0,2020-08-06,51,45,2.0,,2.0,0.9833227083366907,19:21:16.496949
784,0.0017869850956044875,0,0.0002886576258669393,0.0008204613014082263,200000,1,2020-08-06,70,30,,,,1.0153768470879647,19:51:20.010977
785,0.0014983274697375482,0,0.0,0.0005318036755412869,400000,1,2020-08-06,62,38,,,,1.0150881894620978,19:51:20.010977
786,0.0009665237941962612,0,0.0,0.0,800000,1,2020-08-06,58,42,,,,1.0145563857865565,19:51:20.010977
787,0.0,0,0.0,0.0,1600000,1,2020-08-06,55,45,,,,1.0135898619923602,19:51:20.010977
788,0.002093928409978796,0,0.00029919983690129826,0.000864633311146723,200000,0,2020-08-06,38,61,0.0,1.0,0.0,0.9835731309371503,19:51:25.065179
789,0.0017947285730774976,0,0.0,0.0005654334742454248,400000,0,2020-08-06,46,52,0.0,1.0,1.0,0.983273931100249,19:51:25.065179
790,0.0012292950988320728,0,0.0,0.0,800000,0,2020-08-06,47,46,3.0,1.0,3.0,0.9827084976260035,19:51:25.065179
791,0.0,0,0.0,0.0,1600000,0,2020-08-06,51,44,2.0,1.0,2.0,0.9814792025271715,19:51:25.065179
792,0.0017852494621735104,0,0.0002905985028422986,0.0008245857862401174,200000,1,2020-08-06,71,29,,,0.0,1.0154273739636202,20:21:29.050076
793,0.0014946509593312118,0,0.0,0.0005339872833978188,400000,1,2020-08-06,63,37,,,0.0,1.0151367754607779,20:21:29.050076
794,0.0009606636759333931,0,0.0,0.0,800000,1,2020-08-06,58,42,,,0.0,1.01460278817738,20:21:29.050076
795,0.0,0,0.0,0.0,1600000,1,2020-08-06,55,44,,,1.0,1.0136421245014466,20:21:29.050076
796,0.0020963367146195067,0,0.00029871507222434257,0.0008448311787722096,200000,0,2020-08-06,38,62,0.0,,0.0,0.9835255981215189,20:21:33.303776
797,0.001797621642395164,0,0.0,0.000546116106547867,400000,0,2020-08-06,44,51,0.0,,5.0,0.9832268830492945,20:21:33.303776
798,0.001251505535847297,0,0.0,0.0,800000,0,2020-08-06,47,45,3.0,,5.0,0.9826807669427466,20:21:33.303776
799,0.0,0,0.0,0.0,1600000,0,2020-08-06,51,45,2.0,,2.0,0.9814292614068993,20:21:33.303776
800,0.0017635101832214062,0,0.0002860886763320636,0.0008133310990610099,200000,1,2020-08-06,70,30,,,0.0,1.015250530461251,20:51:36.811383
801,0.0014774215068893426,0,0.0,0.0005272424227289463,400000,1,2020-08-06,62,38,,,0.0,1.0149644417849188,20:51:36.811383
802,0.0009501790841603963,0,0.0,0.0,800000,1,2020-08-06,58,42,,,0.0,1.01443719936219,20:51:36.811383
803,0.0,0,0.0,0.0,1600000,1,2020-08-06,55,44,,,1.0,1.0134870202780295,20:51:36.811383
804,0.002094436490770457,0,0.0003125816233747747,0.0008748336937345336,200000,0,2020-08-06,37,60,0.0,3.0,0.0,0.983744055902882,20:51:41.009912
805,0.0017818548673956824,0,0.0,0.0005622520703597589,400000,0,2020-08-06,46,52,0.0,2.0,0.0,0.9834314742795073,20:51:41.009912
806,0.0012196027970359236,0,0.0,0.0,800000,0,2020-08-06,46,45,3.0,1.0,5.0,0.9828692222091475,20:51:41.009912
807,0.0,0,0.0,0.0,1600000,0,2020-08-06,51,44,2.0,1.0,2.0,0.9816496194121116,20:51:41.009912
808,0.0020075779264463467,0,0.0004293509499386783,0.0010293679692472413,200000,1,2020-08-06,100,0,,,0.0,1.0155299161574327,21:21:45.156697
809,0.0015782269765076684,0,0.0,0.000600017019308563,400000,1,2020-08-06,82,18,,,0.0,1.015100565207494,21:21:45.156697
810,0.0009782099571991054,0,0.0,0.0,800000,1,2020-08-06,68,32,,,0.0,1.0145005481881855,21:21:45.156697
811,0.0,0,0.0,0.0,1600000,1,2020-08-06,60,39,,,1.0,1.0135223382309864,21:21:45.156697
812,0.002333452597784502,0,0.00044955302203975034,0.0010932971776307365,200000,0,2020-08-06,0,98,0.0,2.0,0.0,0.9840510988388211,21:21:49.232571
813,0.0018838995757447519,0,0.0,0.0006437441555909862,400000,0,2020-08-06,27,72,0.0,1.0,0.0,0.9836015458167814,21:21:49.232571
814,0.0012401554201537657,0,0.0,0.0,800000,0,2020-08-06,38,56,3.0,1.0,2.0,0.9829578016611904,21:21:49.232571
815,0.0,0,0.0,0.0,1600000,0,2020-08-06,46,49,2.0,1.0,2.0,0.9817176462410366,21:21:49.232571
